"249180010","PSZCZYNA","2019","01",6.8,"",.8,"",-11.9,"",-4.4,"",-2.1,"",-19.0,"",66.8,"",10.3,"","15","",30,"",30,2,18
"249180010","PSZCZYNA","2019","02",14.7,"",7.9,"",-8.4,"",-.7,"",2.8,"",-11.8,"",32.7,"",10.8,"","21","",12,"",11,8,3
"249180010","PSZCZYNA","2019","03",23.3,"",11.5,"",-4.0,"",1.4,"",5.9,"",-6.4,"",36.4,"",7.3,"","11","",3,"",1,16,1
"249180010","PSZCZYNA","2019","04",27.1,"",16.5,"",-2.9,"",3.7,"",9.7,"",-5.5,"",65.5,"",25.9,"","28","",0,"",0,8,0
"249180010","PSZCZYNA","2019","05",25.2,"",17.1,"",-.5,"",6.6,"",11.7,"",-2.4,"",142.6,"",29.4,"","22","",0,"",0,22,0
"249180010","PSZCZYNA","2019","06",34.9,"",28.2,"",10.2,"",14.4,"",21.5,"",8.8,"",73.7,"",39.1,"","21","",0,"",0,7,0
"249180010","PSZCZYNA","2019","07",34.5,"",25.5,"",6.8,"",12.1,"",18.9,"",4.5,"",39.4,"",10.8,"","30","",0,"",0,11,0
"249180010","PSZCZYNA","2019","08",33.0,"",27.5,"",8.2,"",13.6,"",20.3,"",7.4,"",83.5,"",29.1,"","12","",0,"",0,14,0
"249180010","PSZCZYNA","2019","09",32.6,"",20.4,"",2.8,"",8.7,"",14.1,"",1.5,"",100.9,"",37.9,"","02","",0,"",0,11,0
"249180010","PSZCZYNA","2019","10",26.4,"",17.4,"",-5.5,"",4.7,"",10.2,"",-7.4,"",49.7,"",12.1,"","09","",0,"",0,10,0
"249180010","PSZCZYNA","2019","11",17.2,"",10.6,"",-5.4,"",2.2,"",6.1,"",-7.4,"",59.3,"",18.2,"","10","",0,"",0,15,1
"249180160","BRENNA","2019","01",7.6,"",1.3,"",-17.1,"",-5.1,"",-2.2,"",-17.5,"",93.5,"",16.5,"","08","",28,"",30,3,16
"249180160","BRENNA","2019","02",15.4,"",8.3,"",-9.3,"",-.8,"",3.0,"",-12.7,"",36.9,"",15.7,"","21","",11,"",6,5,4
"249180160","BRENNA","2019","03",19.0,"",11.9,"",-4.2,"",2.2,"",6.3,"",-7.2,"",44.3,"",9.6,"","10","",0,"",0,11,3
"249180160","BRENNA","2019","04",25.7,"",16.5,"",-1.8,"",4.2,"",10.0,"",-5.1,"",90.9,"",39.5,"","28","",0,"",0,8,2
"249180160","BRENNA","2019","05",25.0,"",17.1,"",.3,"",7.4,"",11.7,"",-.2,"",290.0,"",78.0,"","22","",0,"",0,24,0
"249180160","BRENNA","2019","06",33.9,"",27.5,"",9.7,"",15.1,"",21.6,"",7.7,"",12.9,"",5.2,"","16","",0,"",0,7,0
"249180160","BRENNA","2019","07",34.6,"",25.4,"",7.5,"",12.8,"",19.0,"",5.4,"",102.8,"",61.8,"","21","",0,"",0,13,0
"249180160","BRENNA","2019","08",31.0,"",25.9,"",8.7,"",14.7,"",19.7,"",8.6,"",112.0,"",30.2,"","12","",0,"",0,15,0
"249180160","BRENNA","2019","09",30.6,"",20.2,"",4.0,"",9.8,"",14.1,"",2.4,"",117.2,"",40.2,"","02","",0,"",0,14,0
"249180160","BRENNA","2019","10",26.1,"",19.5,"",-6.2,"",7.2,"",12.0,"",-8.4,"",62.0,"",19.3,"","02","",0,"",0,10,0
"249180160","BRENNA","2019","11",19.9,"",14.1,"",-6.2,"",3.1,"",7.7,"",-6.1,"",69.1,"",17.4,"","10","",0,"",0,14,0
"249190350","ZAWOJA","2019","01",5.8,"",-.8,"",-18.2,"",-7.6,"",-4.4,"",.0,"8",152.1,"",28.9,"","15","",83,"",31,4,17
"249190350","ZAWOJA","2019","02",13.8,"",6.1,"",-14.2,"",-3.1,"",.9,"",.0,"8",56.5,"",17.8,"","21","",62,"",24,4,4
"249190350","ZAWOJA","2019","03",17.8,"",8.9,"",-5.1,"",-.1,"",3.7,"",.0,"8",81.3,"",17.4,"","15","",7,"",4,8,7
"249190350","ZAWOJA","2019","04",23.6,"",13.3,"",-4.1,"",2.9,"",7.5,"",.0,"8",61.8,"",22.0,"","28","",0,"",0,5,2
"249190350","ZAWOJA","2019","05",21.3,"",14.2,"",-1.5,"",5.1,"",9.5,"",-5.1,"",242.5,"",44.0,"","23","",0,"",0,14,3
"249190350","ZAWOJA","2019","06",32.3,"",25.1,"",6.5,"",12.7,"",19.1,"",3.2,"",37.0,"",11.6,"","19","",0,"",0,9,0
"249190350","ZAWOJA","2019","07",31.9,"",22.3,"",4.0,"",11.0,"",16.5,"",1.8,"",68.8,"",16.0,"","13","",0,"",0,12,0
"249190350","ZAWOJA","2019","08",28.9,"",23.9,"",6.0,"",12.4,"",17.5,"",.0,"8",113.6,"",23.5,"","10","",0,"",0,14,0
"249190350","ZAWOJA","2019","09",27.8,"",17.6,"",1.7,"",7.2,"",11.5,"",.0,"",124.2,"",41.5,"","02","",0,"",0,15,0
"249190350","ZAWOJA","2019","10",23.8,"",15.8,"",-6.5,"",4.6,"",9.1,"",.0,"8",69.2,"",19.2,"","02","",0,"",0,11,0
"249190480","LALIKI","2019","01",1.8,"",-2.5,"",-16.0,"",-7.9,"",-5.4,"",-22.4,"",135.9,"",26.4,"","15","",96,"",31,0,19
"249190480","LALIKI","2019","02",11.3,"",4.4,"",-11.6,"",-2.8,"",.5,"",-13.9,"",52.0,"",24.4,"","03","",74,"",28,2,9
"249190480","LALIKI","2019","03",16.6,"",7.6,"",-5.0,"",-.8,"",3.1,"",-7.2,"",74.3,"",20.2,"","15","",23,"",15,6,10
"249190480","LALIKI","2019","04",24.8,"",13.5,"",-2.2,"",3.5,"",7.9,"",-5.1,"",47.8,"",13.3,"","28","",2,"",1,7,2
"249190480","LALIKI","2019","05",21.5,"",13.7,"",-2.1,"",5.2,"",9.1,"",-3.6,"",197.1,"",40.5,"","21","",4,"",1,19,4
"249190480","LALIKI","2019","06",30.4,"",25.1,"",8.3,"",14.1,"",19.4,"",5.7,"",75.1,"",44.8,"","21","",0,"",0,7,0
"249190480","LALIKI","2019","07",-99.9,"8",.0,"8",.0,"8",.0,"8",.0,"8",.0,"8",.0,"8",.0,"8","01","",0,"9",0,0,0
"249190480","LALIKI","2019","08",28.2,"",23.5,"",5.8,"",13.2,"",17.8,"",3.1,"",113.9,"",28.8,"","07","",0,"",0,14,0
"249190480","LALIKI","2019","09",27.2,"",17.1,"",1.0,"",8.0,"",12.1,"",-.1,"",107.2,"",28.6,"","02","",0,"",0,15,0
"249190480","LALIKI","2019","10",21.9,"",14.5,"",-4.3,"",5.7,"",9.4,"",-7.3,"",65.8,"",21.7,"","09","",0,"",0,9,0
"249190480","LALIKI","2019","11",16.6,"",10.1,"",-5.5,"",3.3,"",6.4,"",-6.5,"",74.7,"",17.6,"","05","10",4,"",1,9,2
"249190520","OBIDOWA","2019","01",2.9,"",-3.1,"",-17.7,"",-8.4,"",-5.8,"",.0,"8",101.0,"",19.9,"","15","",92,"",31,0,21
"249190520","OBIDOWA","2019","02",12.9,"",3.9,"",-12.7,"",-3.4,"",-.1,"",.0,"8",26.5,"",11.8,"","21","",65,"",28,5,5
"249190520","OBIDOWA","2019","04",23.6,"",12.0,"",-4.0,"",3.1,"",6.9,"",.0,"8",72.3,"",26.8,"","28","",1,"",2,11,3
"249190520","OBIDOWA","2019","05",21.1,"",13.2,"",-1.4,"",5.1,"",8.7,"",.0,"8",176.8,"",42.7,"","22","",5,"",1,18,3
"249190560","JAB£ONKA","2019","01",4.0,"",-1.9,"",-22.8,"",-8.9,"",-5.7,"",.0,"8",90.9,"",23.9,"","15","",68,"",31,0,21
"249190560","JAB£ONKA","2019","02",11.4,"",5.0,"",-17.6,"",-5.7,"",-1.4,"",.0,"8",13.2,"",6.2,"","21","",40,"",28,3,6
"249190560","JAB£ONKA","2019","03",18.3,"",9.0,"",-7.5,"",-1.2,"",3.1,"",.0,"8",47.8,"",12.5,"","15","",8,"",5,7,10
"249190560","JAB£ONKA","2019","04",24.3,"",13.3,"",-8.5,"",-.2,"",6.2,"",.0,"8",57.6,"",20.0,"","28","",0,"",0,10,3
"249190560","JAB£ONKA","2019","05",22.3,"",14.5,"",-2.9,"",4.6,"",9.4,"",.0,"8",128.7,"",20.5,"","21","",3,"",1,18,3
"249190560","JAB£ONKA","2019","06",31.9,"",26.1,"",4.0,"",10.8,"",18.7,"",.0,"8",40.9,"",28.7,"","16","",0,"",0,8,0
"249190560","JAB£ONKA","2019","07",33.3,"",23.3,"",1.3,"",9.0,"",16.2,"",.0,"8",66.6,"",27.8,"","13","",0,"",0,15,0
"249190560","JAB£ONKA","2019","08",29.3,"",24.6,"",4.3,"",10.8,"",16.9,"",.0,"8",110.6,"",37.9,"","10","",0,"",0,16,0
"249190560","JAB£ONKA","2019","09",28.5,"",18.2,"",-.8,"",6.2,"",11.2,"",.0,"8",87.5,"",31.5,"","09","",0,"",0,16,0
"249190560","JAB£ONKA","2019","10",22.9,"",15.5,"",-9.0,"",1.9,"",7.0,"",.0,"8",36.8,"",9.0,"","02","",0,"",0,11,0
"249190560","JAB£ONKA","2019","11",16.1,"",9.8,"",-8.6,"",.1,"",4.0,"",.0,"8",56.6,"",17.9,"","05","",0,"",0,12,2
"249190670","POLANA CHOCHO£OWSKA","2019","01",4.8,"",-3.0,"",-16.1,"",-10.8,"",-7.2,"",.0,"8",168.8,"",29.6,"","15","",186,"",31,0,23
"249190670","POLANA CHOCHO£OWSKA","2019","02",9.8,"",3.5,"",-16.1,"",-4.8,"",-1.4,"",.0,"8",60.2,"",15.5,"","21","",125,"",28,3,10
"249190670","POLANA CHOCHO£OWSKA","2019","03",13.4,"",5.1,"",-8.6,"",-2.7,"",.4,"",.0,"8",100.7,"",16.8,"","10","",84,"",31,1,17
"249190670","POLANA CHOCHO£OWSKA","2019","04",19.8,"",9.4,"",-5.0,"",1.0,"",4.5,"",.0,"8",141.4,"",43.6,"","28","",26,"",4,10,4
"249190670","POLANA CHOCHO£OWSKA","2019","05",17.3,"",10.1,"",-2.6,"",3.3,"",6.5,"",.0,"8",216.9,"",38.2,"","22","",15,"",5,22,5
"249190670","POLANA CHOCHO£OWSKA","2019","06",29.0,"",21.4,"",5.0,"",10.8,"",16.1,"",.0,"8",90.1,"",22.4,"","16","",0,"",0,12,0
"249190670","POLANA CHOCHO£OWSKA","2019","07",29.9,"",18.5,"",3.1,"",8.9,"",13.4,"",.0,"8",178.8,"",32.1,"","30","",0,"",0,20,0
"249190670","POLANA CHOCHO£OWSKA","2019","08",25.9,"",20.4,"",4.0,"",10.4,"",14.8,"",.0,"8",209.2,"",38.3,"","10","",0,"",0,24,0
"249190670","POLANA CHOCHO£OWSKA","2019","09",24.6,"",14.8,"",-.4,"",5.2,"",9.3,"",.0,"8",150.6,"",50.2,"","09","",0,"",0,17,3
"249190670","POLANA CHOCHO£OWSKA","2019","10",21.2,"",13.1,"",-8.3,"",3.4,"",7.4,"",.0,"8",87.7,"",28.4,"","05","",2,"",2,9,3
"249190670","POLANA CHOCHO£OWSKA","2019","11",11.9,"",8.0,"",-6.5,"",1.7,"",4.7,"",.0,"8",233.8,"",60.1,"","05","",6,"",2,16,2
"249190890","RADZIECHOWY","2019","01",5.2,"",.6,"",-18.8,"",-5.8,"",-2.9,"",-20.9,"",79.5,"",13.1,"","13","",26,"",30,4,14
"249190890","RADZIECHOWY","2019","02",15.2,"",7.6,"",-10.8,"",-2.3,"",2.1,"",-11.5,"",31.3,"",9.6,"","03","",6,"",8,9,1
"249190890","RADZIECHOWY","2019","03",18.6,"",11.0,"",-5.2,"",.7,"",5.2,"",-8.3,"",84.4,"",20.2,"","10","",3,"",1,12,1
"249190890","RADZIECHOWY","2019","04",26.3,"",15.4,"",-5.6,"",2.2,"",8.5,"",-9.0,"",48.8,"",12.3,"","29","",0,"",0,8,0
"249190890","RADZIECHOWY","2019","05",24.8,"",16.3,"",-2.2,"",6.1,"",10.9,"",-5.2,"",179.6,"",43.2,"","22","",0,"",0,21,0
"249190890","RADZIECHOWY","2019","06",33.2,"",27.8,"",6.3,"",12.3,"",20.4,"",3.8,"",7.3,"",2.8,"","06","",0,"",0,4,0
"249190890","RADZIECHOWY","2019","07",34.6,"",24.7,"",2.9,"",11.1,"",17.9,"",1.4,"",79.2,"",17.2,"","28","",0,"",0,12,0
"249190890","RADZIECHOWY","2019","08",31.7,"",26.1,"",6.0,"",12.6,"",18.6,"",3.7,"",134.0,"",23.0,"","07","",0,"",0,12,0
"249190890","RADZIECHOWY","2019","09",30.2,"",19.4,"",.9,"",8.3,"",13.0,"",-.2,"",77.0,"",23.2,"","02","",0,"",0,14,0
"249190890","RADZIECHOWY","2019","10",24.8,"",17.3,"",-7.4,"",5.2,"",10.1,"",-9.8,"",57.3,"",17.2,"","09","",0,"",0,10,0
"249190890","RADZIECHOWY","2019","11",17.6,"",12.7,"",-7.6,"",3.2,"",7.1,"",-10.6,"",64.3,"",21.6,"","10","",0,"",0,12,0
"249200020","£AZY","2019","01",8.8,"",.8,"",-12.5,"",-4.9,"",-2.0,"",.0,"8",29.4,"",4.8,"","05","",14,"",20,3,18
"249200020","£AZY","2019","02",14.9,"",8.4,"",-10.9,"",-1.0,"",3.1,"",.0,"8",17.7,"",9.7,"","21","",2,"",4,4,5
"249200020","£AZY","2019","03",21.1,"",11.6,"",-4.5,"",.9,"",5.8,"",.0,"8",21.4,"",4.5,"","25","",2,"",1,14,1
"249200020","£AZY","2019","04",27.2,"",15.5,"",-5.2,"",3.2,"",9.3,"",.0,"8",89.5,"",32.6,"","28","",0,"",0,9,1
"249200020","£AZY","2019","05",24.7,"",16.9,"",.2,"",7.7,"",12.3,"",.0,"8",182.2,"",42.7,"","21","",0,"",0,21,0
"249200020","£AZY","2019","06",34.0,"",27.4,"",8.0,"",14.9,"",21.5,"",.0,"8",23.9,"",14.4,"","08","",0,"",0,8,0
"249200020","£AZY","2019","07",35.6,"",25.4,"",5.5,"",12.3,"",19.1,"",.0,"8",60.0,"",44.7,"","21","",0,"",0,10,0
"249200020","£AZY","2019","08",31.5,"",26.2,"",8.8,"",14.2,"",19.8,"",.0,"8",106.2,"",31.3,"","07","",0,"",0,12,0
"249200020","£AZY","2019","09",31.4,"",20.2,"",4.7,"",9.8,"",14.1,"",.0,"8",96.0,"",40.1,"","02","",0,"",0,13,0
"249200020","£AZY","2019","10",25.0,"",17.6,"",-5.0,"",5.3,"",10.2,"",.0,"8",46.7,"",19.5,"","02","",0,"",0,12,0
"249200020","£AZY","2019","11",18.5,"",11.3,"",-6.0,"",3.1,"",6.7,"",.0,"8",52.8,"",17.5,"","10","",0,"",0,11,0
"249200130","JASTRZÊBIA","2019","01",5.4,"",.3,"",-17.5,"",-6.9,"",-3.5,"",.0,"8",63.8,"",11.4,"","05","",25,"",30,2,21
"249200130","JASTRZÊBIA","2019","02",16.1,"",7.8,"",-11.2,"",-2.2,"",1.9,"",.0,"8",23.1,"",15.4,"","21","",12,"",4,5,3
"249200130","JASTRZÊBIA","2019","03",21.8,"",11.7,"",-6.5,"",-.4,"",4.9,"",.0,"8",23.4,"",6.1,"","25","",0,"",0,10,3
"249200130","JASTRZÊBIA","2019","04",29.0,"",15.5,"",-7.0,"",1.8,"",8.5,"",.0,"8",70.3,"",25.8,"","28","",0,"",0,9,1
"249200130","JASTRZÊBIA","2019","05",25.2,"",17.1,"",1.5,"",7.1,"",12.1,"",.0,"8",206.1,"",60.0,"","21","",0,"",0,19,0
"249200130","JASTRZÊBIA","2019","06",34.6,"",27.5,"",7.2,"",13.1,"",21.0,"",.0,"8",7.3,"",5.8,"","20","",0,"",0,4,0
"249200130","JASTRZÊBIA","2019","07",36.6,"",25.1,"",3.4,"",11.0,"",18.4,"",.0,"8",60.7,"",33.7,"","21","",0,"",0,11,0
"249200130","JASTRZÊBIA","2019","08",32.4,"",26.4,"",7.0,"",12.7,"",19.1,"",.0,"8",130.0,"",40.0,"","07","",0,"",0,13,0
"249200130","JASTRZÊBIA","2019","09",30.6,"",20.3,"",1.1,"",7.8,"",13.1,"",.0,"8",55.5,"",16.9,"","09","",0,"",0,13,0
"249200130","JASTRZÊBIA","2019","10",25.2,"",18.1,"",-4.3,"",3.7,"",9.1,"",.0,"8",59.1,"",29.4,"","02","",0,"",0,11,0
"249200130","JASTRZÊBIA","2019","11",17.8,"",12.4,"",-8.4,"",1.9,"",6.3,"",.0,"8",57.0,"",18.3,"","10","",0,"",0,11,0
"249200180","LIMANOWA","2019","01",7.1,"",-.4,"",-11.5,"",-6.4,"",-3.5,"",-15.5,"",86.8,"",14.4,"","02","",33,"",31,2,22
"249200180","LIMANOWA","2019","02",15.8,"",7.0,"",-11.1,"",-1.1,"",2.4,"",-12.1,"",38.6,"",20.6,"","21","",10,"",12,6,8
"249200180","LIMANOWA","2019","03",20.0,"",10.3,"",-4.5,"",1.1,"",5.1,"",-6.4,"",35.8,"",9.9,"","25","",6,"",1,9,5
"249200180","LIMANOWA","2019","04",26.6,"",14.1,"",-1.9,"",4.1,"",8.8,"",-5.5,"",72.6,"",22.4,"","28","",0,"",0,11,2
"249200180","LIMANOWA","2019","05",23.2,"",15.2,"",.0,"",7.0,"",11.1,"",-1.2,"",176.9,"",34.6,"","21","",0,"",0,23,0
"249200180","LIMANOWA","2019","06",33.3,"",26.1,"",9.9,"",15.3,"",21.0,"",7.8,"",28.8,"",16.2,"","20","",0,"",0,7,0
"249200180","LIMANOWA","2019","07",35.0,"",23.4,"",7.7,"",13.8,"",18.5,"",5.4,"",96.5,"",35.4,"","21","",0,"",0,13,0
"249200180","LIMANOWA","2019","08",30.3,"",24.6,"",9.3,"",15.0,"",19.3,"",6.8,"",135.5,"",24.4,"","10","",0,"",0,14,0
"249200180","LIMANOWA","2019","09",28.1,"",18.7,"",3.4,"",10.2,"",13.8,"",3.0,"",60.8,"",16.8,"","02","",0,"",0,11,0
"249200180","LIMANOWA","2019","10",24.5,"",16.6,"",-2.7,"",7.6,"",11.0,"",-4.8,"",55.5,"",19.3,"","02","",0,"",0,11,0
"249200180","LIMANOWA","2019","11",16.3,"",11.3,"",-2.5,"",4.6,"",7.3,"",-5.0,"",58.3,"",24.0,"","10","",0,"",0,12,0
"249200240","PTASZKOWA","2019","01",5.4,"",-1.0,"",-12.3,"",-6.2,"",-3.6,"",.0,"8",50.8,"",14.7,"","15","",46,"",31,2,20
"249200240","PTASZKOWA","2019","02",14.3,"",6.3,"",-10.1,"",-1.1,"",2.2,"",.0,"8",35.0,"",24.6,"","21","",23,"",10,5,5
"249200240","PTASZKOWA","2019","03",18.7,"",9.8,"",-3.5,"",1.2,"",5.1,"",.0,"8",35.4,"",11.2,"","15","",2,"",3,11,3
"249200240","PTASZKOWA","2019","04",25.8,"",13.5,"",-2.2,"",4.4,"",8.8,"",.0,"8",99.5,"",34.5,"","28","",1,"",1,9,2
"249200240","PTASZKOWA","2019","05",22.8,"",15.2,"",.7,"",7.6,"",11.3,"",.0,"8",269.8,"",59.4,"","22","",0,"",0,18,2
"249200240","PTASZKOWA","2019","06",32.4,"",25.5,"",8.2,"",15.4,"",20.7,"",.0,"8",59.8,"",27.4,"","20","",0,"",0,12,0
"249200240","PTASZKOWA","2019","07",34.7,"",23.5,"",7.3,"",13.2,"",18.5,"",.0,"8",52.6,"",19.1,"","21","",0,"",0,15,0
"249200240","PTASZKOWA","2019","08",30.6,"",24.8,"",8.2,"",14.1,"",19.2,"",.0,"8",134.6,"",49.2,"","10","",0,"",0,13,0
"249200240","PTASZKOWA","2019","09",29.3,"",19.1,"",3.8,"",9.4,"",13.8,"",.0,"8",64.7,"",19.0,"","09","",0,"",0,14,0
"249200240","PTASZKOWA","2019","10",25.1,"",16.5,"",-2.8,"",7.2,"",11.1,"",.0,"8",77.7,"",30.6,"","02","",0,"",0,12,0
"249200240","PTASZKOWA","2019","11",16.0,"",11.7,"",-3.4,"",4.6,"",7.8,"",.0,"8",67.9,"",26.8,"","10","",0,"",0,11,1
"249200260","£¥CKO","2019","01",8.1,"",.9,"",-14.0,"",-6.3,"",-3.0,"",.0,"8",48.4,"",12.8,"","15","",24,"",30,3,15
"249200260","£¥CKO","2019","02",15.2,"",8.2,"",-10.5,"",-2.0,"",2.3,"",.0,"8",17.4,"",9.2,"","21","",3,"",3,4,3
"249200260","£¥CKO","2019","03",20.8,"",11.4,"",-4.4,"",.6,"",5.4,"",.0,"8",31.0,"",7.7,"","10","",1,"",1,13,1
"249200260","£¥CKO","2019","04",28.1,"",14.9,"",-5.4,"",2.8,"",8.6,"",.0,"8",60.1,"",25.5,"","27","",0,"",0,10,2
"249200260","£¥CKO","2019","05",24.3,"",16.7,"",.2,"",6.9,"",11.7,"",.0,"8",145.6,"",22.4,"","23","",0,"",0,20,0
"249200260","£¥CKO","2019","06",34.2,"",27.0,"",7.7,"",13.6,"",20.6,"",.0,"8",21.3,"",12.6,"","22","",0,"",0,6,0
"249200260","£¥CKO","2019","07",35.7,"",25.0,"",5.4,"",11.8,"",18.5,"",.0,"8",66.1,"",24.8,"","13","",0,"",0,14,0
"249200260","£¥CKO","2019","08",32.5,"",26.3,"",7.2,"",13.2,"",19.0,"",.0,"8",93.9,"",33.6,"","10","",0,"",0,12,0
"249200260","£¥CKO","2019","09",30.1,"",20.3,"",1.8,"",8.0,"",13.3,"",.0,"8",50.9,"",15.6,"","09","",0,"",0,11,0
"249200260","£¥CKO","2019","10",26.7,"",18.1,"",-5.1,"",4.0,"",9.6,"",.0,"8",48.3,"",21.8,"","02","",0,"",0,11,0
"249200260","£¥CKO","2019","11",17.1,"",12.9,"",-5.6,"",2.4,"",6.8,"",.0,"8",51.5,"",21.2,"","10","",0,"",0,10,0
"249200360","MIZERNA","2019","01",3.4,"",-1.6,"",-21.6,"",-8.0,"",-5.1,"",.0,"8",101.3,"",23.8,"","15","",58,"",31,0,19
"249200360","MIZERNA","2019","02",10.8,"",5.3,"",-12.9,"",-4.0,"",-.2,"",.0,"8",19.9,"",12.8,"","21","",41,"",28,3,4
"249200360","MIZERNA","2019","03",18.7,"",9.6,"",-6.6,"",-.6,"",3.5,"",.0,"8",38.3,"",9.4,"","10","",4,"",2,12,2
"249200360","MIZERNA","2019","04",25.3,"",13.5,"",-4.2,"",2.8,"",7.6,"",.0,"8",61.1,"",22.6,"","27","",0,"",0,8,1
"249200360","MIZERNA","2019","05",21.7,"",14.7,"",-1.2,"",5.9,"",9.9,"",.0,"8",167.2,"",33.9,"","22","",0,"",0,18,1
"249200360","MIZERNA","2019","06",31.4,"",25.3,"",6.7,"",13.0,"",19.2,"",.0,"8",12.9,"",8.2,"","16","",0,"",0,4,0
"249200360","MIZERNA","2019","07",32.4,"",23.0,"",4.7,"",10.9,"",16.7,"",.0,"8",89.1,"",18.2,"","13","",0,"",0,13,0
"249200360","MIZERNA","2019","08",29.8,"",24.6,"",5.7,"",12.4,"",17.6,"",.0,"8",98.8,"",28.0,"","10","",0,"",0,9,0
"249200360","MIZERNA","2019","09",28.3,"",18.4,"",2.2,"",7.4,"",11.9,"",.0,"8",63.2,"",27.8,"","09","",0,"",0,11,0
"249200360","MIZERNA","2019","10",23.8,"",15.9,"",-3.7,"",3.0,"",8.1,"",.0,"8",42.6,"",18.4,"","02","",0,"",0,7,0
"249200360","MIZERNA","2019","11",15.8,"",10.7,"",-5.6,"",2.3,"",6.0,"",.0,"8",48.6,"",16.7,"","10","",0,"",0,9,0
"249200370","KROŒCIENKO","2019","01",4.8,"",-.7,"",-18.8,"",-7.4,"",-4.3,"",.0,"8",86.6,"",17.2,"","15","",50,"",30,1,18
"249200370","KROŒCIENKO","2019","02",13.3,"",6.8,"",-11.6,"",-3.1,"",1.1,"",.0,"8",19.4,"",9.0,"","21","",29,"",18,4,4
"249200370","KROŒCIENKO","2019","03",20.1,"",11.2,"",-5.5,"",-.1,"",4.5,"",.0,"8",37.4,"",10.5,"","15","",4,"",1,10,4
"249200370","KROŒCIENKO","2019","04",27.1,"",14.7,"",-5.7,"",2.9,"",8.3,"",.0,"8",93.4,"",27.6,"","27","",0,"",0,10,3
"249200370","KROŒCIENKO","2019","05",23.9,"",16.1,"",-.7,"",6.7,"",11.0,"",.0,"8",180.5,"",36.8,"","23","",0,"",0,19,0
"249200370","KROŒCIENKO","2019","06",33.3,"",26.8,"",5.5,"",13.4,"",20.1,"",.0,"8",46.9,"",25.3,"","16","",0,"",0,11,0
"249200370","KROŒCIENKO","2019","07",34.2,"",24.2,"",4.9,"",11.3,"",17.6,"",.0,"8",74.6,"",22.7,"","13","",0,"",0,15,0
"249200370","KROŒCIENKO","2019","08",31.3,"",25.6,"",7.3,"",13.1,"",18.3,"",.0,"8",140.6,"",41.1,"","30","",0,"",0,12,0
"249200370","KROŒCIENKO","2019","09",29.1,"",19.7,"",2.2,"",7.9,"",12.5,"",.0,"8",51.1,"",18.6,"","09","",0,"",0,15,0
"249200370","KROŒCIENKO","2019","10",25.0,"",17.2,"",-3.4,"",4.2,"",9.0,"",.0,"8",49.2,"",21.6,"","02","",0,"",0,12,0
"249200370","KROŒCIENKO","2019","11",17.0,"",12.0,"",-5.3,"",3.6,"",7.1,"",.0,"8",56.4,"",19.1,"","10","",0,"",0,9,1
"249200420","NIEDZICA","2019","01",5.4,"",-1.4,"",-21.4,"",-8.2,"",-5.1,"",.0,"8",105.6,"",28.5,"","15","",59,"",31,1,19
"249200420","NIEDZICA","2019","02",13.5,"",5.9,"",-12.0,"",-4.0,"",.1,"",.0,"8",22.4,"",11.0,"","21","",30,"",16,4,5
"249200420","NIEDZICA","2019","03",18.8,"",10.6,"",-6.7,"",-.9,"",3.8,"",.0,"8",42.0,"",9.8,"","10","",3,"",1,9,5
"249200420","NIEDZICA","2019","04",26.6,"",13.9,"",-5.9,"",2.2,"",7.6,"",.0,"8",72.6,"",25.0,"","27","",0,"",0,10,2
"249200420","NIEDZICA","2019","05",22.4,"",15.1,"",-1.3,"",5.8,"",10.2,"",.0,"8",165.4,"",32.1,"","22","",0,"",0,20,1
"249200420","NIEDZICA","2019","06",32.7,"",25.7,"",6.7,"",12.9,"",19.2,"",.0,"8",40.1,"",21.6,"","16","",0,"",0,9,0
"249200420","NIEDZICA","2019","07",34.0,"",23.5,"",4.5,"",10.9,"",16.9,"",.0,"8",71.2,"",13.5,"","13","",0,"",0,14,0
"249200420","NIEDZICA","2019","08",30.3,"",24.9,"",5.7,"",12.2,"",17.7,"",.0,"8",127.7,"",38.3,"","10","",0,"",0,15,0
"249200420","NIEDZICA","2019","09",28.0,"",19.0,"",1.8,"",7.3,"",12.0,"",.0,"8",60.7,"",26.0,"","09","",0,"",0,18,0
"249200420","NIEDZICA","2019","10",23.9,"",16.2,"",-4.5,"",3.1,"",8.2,"",.0,"8",53.7,"",30.4,"","02","",0,"",0,12,0
"249200420","NIEDZICA","2019","11",16.2,"",10.9,"",-6.0,"",2.1,"",5.9,"",.0,"8",52.0,"",17.6,"","10","",0,"",0,14,0
"249200470","KRYNICA","2019","01",3.3,"",-2.0,"",-19.5,"",-8.7,"",-5.7,"",.0,"8",75.1,"",13.9,"","15","",68,"",31,1,19
"249200470","KRYNICA","2019","02",12.7,"",5.1,"",-11.0,"",-4.3,"",-.2,"",.0,"8",17.7,"",7.9,"","21","",49,"",28,3,5
"249200470","KRYNICA","2019","03",18.1,"",9.5,"",-6.8,"",-1.4,"",3.2,"",.0,"8",38.9,"",13.0,"","15","",3,"",3,6,7
"249200470","KRYNICA","2019","04",24.0,"",13.4,"",-5.4,"",2.0,"",7.3,"",.0,"8",73.1,"",19.7,"","27","",5,"",2,9,2
"249200470","KRYNICA","2019","05",22.2,"",14.6,"",-2.0,"",6.0,"",10.1,"",.0,"8",192.5,"",52.6,"","22","",1,"",1,18,3
"249200470","KRYNICA","2019","06",31.1,"",24.9,"",3.8,"",12.2,"",18.7,"",.0,"8",20.4,"",8.9,"","16","",0,"",0,9,0
"249200470","KRYNICA","2019","07",31.7,"",23.0,"",2.2,"",9.8,"",16.4,"",.0,"8",41.3,"",10.9,"","21","",0,"",0,16,0
"249200470","KRYNICA","2019","08",29.3,"",24.8,"",5.5,"",11.5,"",17.3,"",.0,"8",126.8,"",49.0,"","10","",0,"",0,14,0
"249200470","KRYNICA","2019","09",27.3,"",18.7,"",-.6,"",6.4,"",11.2,"",.0,"8",58.1,"",16.7,"","09","",0,"",0,18,0
"249200470","KRYNICA","2019","10",22.7,"",15.6,"",-6.4,"",3.7,"",8.2,"",.0,"8",53.1,"",23.2,"","02","",0,"",0,19,0
"249200470","KRYNICA","2019","11",15.0,"",10.4,"",-8.0,"",2.5,"",5.9,"",.0,"8",65.0,"",21.9,"","10","",0,"",0,13,1
"249200480","BUKOWINA TATRZAÑSKA","2019","01",6.6,"",-1.9,"",-15.4,"",-8.4,"",-5.6,"",.0,"8",82.0,"",13.2,"","02","",116,"",31,0,19
"249200480","BUKOWINA TATRZAÑSKA","2019","02",11.9,"",5.1,"",-13.5,"",-3.2,"",.2,"",.0,"8",27.9,"",9.8,"","21","",69,"",28,4,6
"249200480","BUKOWINA TATRZAÑSKA","2019","03",16.6,"",7.9,"",-7.5,"",-1.0,"",2.7,"",.0,"8",42.9,"",10.0,"","10","",43,"",21,3,10
"249200480","BUKOWINA TATRZAÑSKA","2019","04",22.7,"",12.0,"",-3.3,"",2.7,"",6.7,"",.0,"8",85.6,"",28.8,"","27","",1,"",1,10,3
"249200480","BUKOWINA TATRZAÑSKA","2019","05",19.7,"",12.6,"",-.6,"",5.1,"",8.5,"",.0,"8",157.5,"",24.1,"","30","",16,"",4,18,4
"249200480","BUKOWINA TATRZAÑSKA","2019","06",29.8,"",23.8,"",7.9,"",13.3,"",18.4,"",.0,"8",78.3,"",26.6,"","16","",0,"",0,13,0
"249200480","BUKOWINA TATRZAÑSKA","2019","07",30.4,"",20.9,"",6.4,"",11.3,"",15.8,"",.0,"8",99.4,"",19.1,"","21","",0,"",0,18,0
"249200480","BUKOWINA TATRZAÑSKA","2019","08",27.3,"",22.6,"",6.8,"",12.7,"",17.1,"",.0,"8",171.9,"",47.3,"","10","",0,"",0,18,0
"249200480","BUKOWINA TATRZAÑSKA","2019","09",26.0,"",16.5,"",1.5,"",7.7,"",11.3,"",.0,"8",75.5,"",24.7,"","09","",0,"",0,17,0
"249200480","BUKOWINA TATRZAÑSKA","2019","10",24.2,"",15.0,"",-5.3,"",5.1,"",8.9,"",.0,"8",53.1,"",25.0,"","02","",0,"",0,10,0
"249200480","BUKOWINA TATRZAÑSKA","2019","11",17.0,"",10.4,"",-4.6,"",2.1,"",5.4,"",.0,"8",82.1,"",21.5,"","10","",2,"",1,15,3
"249200490","MUSZYNA","2019","01",4.7,"",-1.1,"",-20.4,"",-8.1,"",-5.1,"",-21.3,"",81.5,"",15.2,"","02","",55,"",31,1,21
"249200490","MUSZYNA","2019","02",14.1,"",6.0,"",-11.9,"",-3.6,"",.3,"",-13.6,"",20.4,"",8.2,"","21","",42,"",26,6,3
"249200490","MUSZYNA","2019","03",19.1,"",10.8,"",-5.1,"",-.4,"",4.2,"",-6.7,"",31.0,"",11.2,"","15","",1,"",2,10,3
"249200490","MUSZYNA","2019","04",25.3,"",14.6,"",-5.1,"",2.4,"",7.9,"",-6.3,"",68.1,"",18.3,"","27","",1,"",1,8,2
"249200490","MUSZYNA","2019","05",23.3,"",16.0,"",-1.0,"",7.1,"",11.2,"",-2.0,"",160.7,"",38.7,"","22","",0,"",0,21,1
"249200490","MUSZYNA","2019","06",32.4,"",26.8,"",6.1,"",13.4,"",19.8,"",5.5,"",37.9,"",27.7,"","16","",0,"",0,9,0
"249200490","MUSZYNA","2019","07",33.3,"",24.6,"",4.4,"",11.1,"",17.4,"",3.6,"",56.7,"",9.1,"","21","",0,"",0,15,0
"249200490","MUSZYNA","2019","08",30.3,"",26.0,"",7.9,"",13.1,"",18.4,"",7.8,"",117.9,"",44.6,"","10","",0,"",0,13,0
"249200490","MUSZYNA","2019","09",29.2,"",19.8,"",2.1,"",7.7,"",12.5,"",1.9,"",52.6,"",13.4,"","09","",0,"",0,12,0
"249200490","MUSZYNA","2019","10",23.3,"",16.4,"",-5.2,"",3.8,"",8.7,"",-6.5,"",50.9,"",27.4,"","02","",0,"",0,10,0
"249200490","MUSZYNA","2019","11",15.9,"",11.1,"",-6.1,"",3.0,"",6.4,"",-7.4,"",72.9,"",24.6,"","10","",0,"",0,14,0
"249200540","HALA G¥SIENICOWA","2019","01",3.5,"",-4.6,"",-17.3,"",-11.1,"",-8.1,"",-20.1,"",120.0,"",20.3,"","02","",152,"",31,0,24
"249200550","DOLINA PIÊCIU STAWÓW","2019","01",4.8,"",-5.1,"",-17.8,"",-12.0,"",-8.7,"",.0,"8",.0,"8",.0,"8","02","",0,"",27,0,0
"249200550","DOLINA PIÊCIU STAWÓW","2019","02",9.2,"",1.0,"",-18.6,"",-6.4,"",-2.9,"",.0,"8",73.3,"",15.6,"","21","",185,"",28,1,11
"249200550","DOLINA PIÊCIU STAWÓW","2019","03",8.7,"",1.0,"",-12.6,"",-6.1,"",-2.8,"",.0,"8",61.5,"",13.3,"","25","",168,"",31,1,17
"249200550","DOLINA PIÊCIU STAWÓW","2019","04",13.8,"",5.0,"",-7.7,"",-1.6,"",1.4,"",.0,"8",125.0,"",37.1,"","30","",150,"",30,3,13
"249200550","DOLINA PIÊCIU STAWÓW","2019","05",13.7,"",6.7,"",-7.2,"",.5,"",3.4,"",.0,"8",299.1,"",67.9,"","22","",120,"",31,15,9
"249200550","DOLINA PIÊCIU STAWÓW","2019","06",25.2,"",18.4,"",4.3,"",8.7,"",13.2,"",.0,"8",73.0,"",19.7,"","17","",56,"",3,13,0
"249200550","DOLINA PIÊCIU STAWÓW","2019","07",24.8,"",15.3,"",1.4,"",7.2,"",10.9,"",.0,"8",195.1,"",41.5,"","21","",0,"",0,17,1
"249200550","DOLINA PIÊCIU STAWÓW","2019","08",21.7,"",17.4,"",3.3,"",9.0,"",12.9,"",.0,"8",207.2,"",28.8,"","13","",0,"",0,22,0
"249200550","DOLINA PIÊCIU STAWÓW","2019","09",20.2,"",11.8,"",-2.6,"",4.2,"",7.4,"",.0,"8",160.5,"",45.7,"","09","",3,"",2,17,4
"249200550","DOLINA PIÊCIU STAWÓW","2019","10",18.7,"",10.1,"",-8.7,"",2.7,"",5.8,"",.0,"8",69.1,"",21.5,"","02","",10,"",6,3,7
"249200550","DOLINA PIÊCIU STAWÓW","2019","11",9.2,"",4.9,"",-10.2,"",-.2,"",2.1,"",.0,"8",416.6,"",95.0,"","12","",18,"",7,8,12
"249200920","PIWNICZNA","2019","01",5.2,"",-.4,"",-16.4,"",-6.9,"",-4.0,"",.0,"8",60.1,"",9.8,"","05","",37,"",31,1,20
"249200920","PIWNICZNA","2019","02",15.2,"",6.6,"",-8.6,"",-2.5,"",1.4,"",.0,"8",18.0,"",8.3,"","21","",21,"",15,7,3
"249200920","PIWNICZNA","2019","03",18.4,"",11.0,"",-4.8,"",.3,"",4.6,"",.0,"8",27.5,"",8.2,"","10","",0,"",0,11,3
"249200920","PIWNICZNA","2019","04",26.7,"",14.6,"",-4.9,"",2.9,"",8.2,"",.0,"8",75.9,"",24.1,"","27","",0,"",0,8,2
"249200920","PIWNICZNA","2019","05",23.6,"",15.9,"",-.4,"",7.2,"",11.1,"",.0,"8",164.1,"",40.1,"","23","",0,"",0,20,2
"249200920","PIWNICZNA","2019","06",32.7,"",26.7,"",5.9,"",14.0,"",20.1,"",.0,"8",48.4,"",25.5,"","07","",0,"",0,10,0
"249200920","PIWNICZNA","2019","07",33.6,"",24.6,"",5.9,"",11.8,"",18.0,"",.0,"8",63.1,"",18.2,"","31","",0,"",0,15,0
"249200920","PIWNICZNA","2019","08",31.2,"",26.0,"",7.9,"",13.6,"",18.7,"",.0,"8",122.1,"",33.4,"","10","",0,"",0,12,0
"249200920","PIWNICZNA","2019","09",29.6,"",20.0,"",1.7,"",8.3,"",12.8,"",.0,"8",67.1,"",21.6,"","09","",0,"",0,14,0
"249200920","PIWNICZNA","2019","10",24.8,"",17.3,"",-4.9,"",4.6,"",9.3,"",.0,"8",61.7,"",24.7,"","02","",0,"",0,11,0
"249200920","PIWNICZNA","2019","11",16.5,"",11.6,"",-5.9,"",3.6,"",6.9,"",.0,"8",63.1,"",16.7,"","10","",0,"",0,15,0
"249200930","PORONIN","2019","01",7.1,"",-1.4,"",-24.0,"",-11.2,"",-6.5,"",.0,"8",90.3,"",14.0,"","02","",77,"",31,0,20
"249200930","PORONIN","2019","02",12.6,"",5.4,"",-15.5,"",-5.9,"",-1.0,"",.0,"8",27.0,"",7.9,"","21","",45,"",28,5,7
"249200930","PORONIN","2019","03",17.5,"",8.6,"",-12.5,"",-2.6,"",2.3,"",.0,"8",63.1,"",11.1,"","25","",10,"",12,9,10
"249200930","PORONIN","2019","04",23.0,"",12.1,"",-7.5,"",.1,"",6.0,"",.0,"8",97.9,"",31.1,"","27","",1,"",1,11,3
"249200930","PORONIN","2019","05",20.0,"",13.1,"",-2.9,"",3.8,"",8.6,"",.0,"8",179.5,"",21.4,"","23","",8,"",3,17,4
"249200930","PORONIN","2019","06",30.0,"",24.0,"",3.5,"",9.8,"",17.8,"",.0,"8",62.4,"",28.2,"","16","",0,"",0,14,0
"249200930","PORONIN","2019","07",30.8,"",21.8,"",1.3,"",8.5,"",15.6,"",.0,"8",91.1,"",17.3,"","21","",0,"",0,19,0
"249200930","PORONIN","2019","08",28.0,"",23.1,"",2.3,"",9.7,"",16.2,"",.0,"8",212.8,"",63.3,"","10","",0,"",0,20,0
"249200930","PORONIN","2019","09",26.2,"",17.2,"",-.9,"",4.6,"",10.2,"",.0,"8",76.7,"",21.4,"","09","",0,"",0,15,1
"249200930","PORONIN","2019","10",24.6,"",15.3,"",-9.5,"",.6,"",6.3,"",.0,"8",62.8,"",32.7,"","02","",0,"",0,11,0
"249200930","PORONIN","2019","11",16.9,"",10.5,"",-9.4,"",-1.0,"",3.9,"",.0,"8",80.6,"",21.8,"","10","",4,"",2,14,3
"249200980","MSZANA DOLNA","2019","01",5.6,"",-.1,"",-16.2,"",-6.0,"",-3.3,"",.0,"8",61.0,"",11.4,"","15","",46,"",31,3,18
"249200980","MSZANA DOLNA","2019","02",14.4,"",7.0,"",-11.4,"",-2.3,"",1.5,"",.0,"8",39.2,"",19.4,"","21","",11,"",13,5,5
"249200980","MSZANA DOLNA","2019","03",17.9,"",10.0,"",-5.7,"",.3,"",4.6,"",.0,"8",60.2,"",21.1,"","15","",3,"",1,14,1
"249200980","MSZANA DOLNA","2019","04",25.3,"",14.2,"",-5.9,"",2.0,"",7.9,"",.0,"8",68.0,"",26.9,"","28","",0,"",0,10,1
"249200980","MSZANA DOLNA","2019","05",22.9,"",15.5,"",-1.6,"",6.3,"",10.7,"",.0,"8",183.3,"",38.7,"","21","",3,"",1,19,2
"249200980","MSZANA DOLNA","2019","06",33.2,"",26.4,"",7.0,"",13.2,"",20.2,"",.0,"8",12.2,"",3.0,"","16","",0,"",0,8,0
"249200980","MSZANA DOLNA","2019","07",35.2,"",24.0,"",4.3,"",11.3,"",17.7,"",.0,"8",62.5,"",14.3,"","21","",0,"",0,15,0
"249200980","MSZANA DOLNA","2019","08",30.7,"",25.2,"",5.3,"",12.7,"",18.4,"",.0,"8",100.6,"",24.7,"","10","",0,"",0,16,0
"249200980","MSZANA DOLNA","2019","09",30.0,"",19.1,"",2.3,"",7.8,"",12.7,"",.0,"8",69.3,"",19.8,"","02","",0,"",0,13,0
"249200980","MSZANA DOLNA","2019","10",24.0,"",16.9,"",-7.1,"",4.6,"",9.4,"",.0,"8",56.3,"",17.0,"","02","",0,"",0,11,0
"249200980","MSZANA DOLNA","2019","11",17.9,"",11.7,"",-6.9,"",1.5,"",5.5,"",.0,"8",58.2,"",20.9,"","10","",0,"",0,11,2
"249220040","DYNÓW","2019","01",7.0,"",-.4,"",-18.9,"",-5.4,"",-3.0,"",-19.2,"",51.6,"",7.6,"","15","",23,"",21,3,19
"249220040","DYNÓW","2019","02",13.8,"",7.1,"",-8.2,"",-1.2,"",2.3,"",-9.0,"",19.0,"",10.4,"","21","",0,"",0,5,3
"249220040","DYNÓW","2019","03",17.7,"",10.5,"",-7.6,"",.1,"",4.6,"",-9.5,"",22.2,"",6.0,"","15","",0,"",0,10,2
"249220040","DYNÓW","2019","04",26.3,"",15.6,"",-5.6,"",3.2,"",9.0,"",-6.8,"",59.9,"",26.6,"","28","",0,"",0,11,0
"249220040","DYNÓW","2019","05",24.4,"",17.3,"",-.2,"",8.5,"",12.6,"",-1.5,"",134.3,"",33.8,"","21","",0,"",0,21,0
"249220040","DYNÓW","2019","06",32.5,"",26.9,"",7.5,"",14.0,"",20.6,"",7.1,"",41.0,"",21.9,"","19","",0,"",0,8,0
"249220040","DYNÓW","2019","07",32.1,"",25.0,"",4.6,"",11.1,"",18.2,"",3.8,"",39.7,"",16.6,"","21","",0,"",0,14,0
"249220040","DYNÓW","2019","08",31.8,"",26.4,"",8.7,"",13.3,"",19.2,"",8.8,"",92.6,"",32.8,"","13","",0,"",0,13,0
"249220040","DYNÓW","2019","09",30.5,"",20.4,"",1.3,"",8.8,"",13.5,"",.1,"",88.0,"",48.4,"","02","",0,"",0,13,0
"249220040","DYNÓW","2019","10",24.9,"",17.4,"",-3.1,"",5.0,"",9.7,"",-3.5,"",40.2,"",14.0,"","02","",0,"",0,11,0
"249220040","DYNÓW","2019","11",17.0,"",10.2,"",-5.5,"",2.7,"",5.9,"",-5.5,"",65.1,"",18.0,"","05","",0,"",0,15,0
"249220150","SOLINA-JAWOR","2019","01",6.3,"",-1.3,"",-14.0,"",-6.0,"",-3.7,"",-17.0,"",65.9,"",14.6,"","02","",35,"",31,2,23
"249220150","SOLINA-JAWOR","2019","02",15.3,"",6.4,"",-9.9,"",-1.8,"",1.7,"",-10.5,"",24.9,"",11.2,"","21","",21,"",8,3,6
"249220150","SOLINA-JAWOR","2019","03",18.6,"",9.4,"",-7.4,"",.5,"",4.4,"",-9.8,"",26.2,"",6.8,"","15","",2,"",2,8,6
"249220150","SOLINA-JAWOR","2019","04",24.6,"",14.9,"",-3.1,"",4.0,"",9.2,"",-8.5,"",67.5,"",21.5,"","27","",0,"",0,8,0
"249220150","SOLINA-JAWOR","2019","05",24.2,"",16.4,"",1.4,"",7.9,"",11.9,"",-2.2,"",148.6,"",25.2,"","05","",0,"",0,24,0
"249220150","SOLINA-JAWOR","2019","06",31.8,"",25.9,"",8.9,"",14.0,"",19.8,"",6.1,"",91.0,"",33.5,"","19","",0,"",0,13,0
"249220150","SOLINA-JAWOR","2019","07",29.9,"",23.3,"",6.4,"",12.2,"",17.6,"",2.3,"",73.2,"",19.8,"","07","",0,"",0,17,0
"249220150","SOLINA-JAWOR","2019","08",30.7,"",25.3,"",7.2,"",13.7,"",18.8,"",4.9,"",124.3,"",52.8,"","13","",0,"",0,9,0
"249220150","SOLINA-JAWOR","2019","09",29.5,"",19.6,"",1.5,"",8.7,"",13.2,"",-.8,"",47.7,"",16.4,"","03","",0,"",0,16,0
"249220150","SOLINA-JAWOR","2019","10",24.3,"",16.8,"",-3.8,"",6.5,"",10.6,"",-6.7,"",68.4,"",34.1,"","02","",0,"",0,9,0
"249220150","SOLINA-JAWOR","2019","11",19.6,"",12.3,"",-5.1,"",4.4,"",7.8,"",-9.0,"",77.2,"",12.9,"","04","05",0,"",0,17,1
"249220180","KOMAÑCZA","2019","01",6.3,"",-1.5,"",-21.5,"",-7.7,"",-4.9,"",.0,"8",90.8,"",16.4,"","15","",65,"",31,0,25
"249220180","KOMAÑCZA","2019","02",14.0,"",5.7,"",-10.5,"",-3.4,"",.5,"",.0,"8",24.8,"",8.3,"","10","",38,"",28,1,6
"249220180","KOMAÑCZA","2019","03",19.0,"",9.8,"",-9.5,"",-1.3,"",3.4,"",.0,"8",38.7,"",12.8,"","15","",3,"",3,9,6
"249220180","KOMAÑCZA","2019","04",25.0,"",15.5,"",-7.0,"",1.5,"",7.9,"",.0,"8",57.9,"",17.0,"","06","",0,"",0,8,0
"249220180","KOMAÑCZA","2019","05",24.0,"",16.4,"",-1.0,"",6.8,"",11.3,"",.0,"8",159.0,"",24.8,"","21","",0,"",0,20,1
"249220180","KOMAÑCZA","2019","06",32.3,"",26.8,"",4.0,"",12.2,"",19.7,"",.0,"8",40.9,"",9.5,"","21","",0,"",0,9,0
"249220180","KOMAÑCZA","2019","07",30.9,"",24.3,"",2.5,"",9.5,"",16.8,"",.0,"8",68.7,"",28.1,"","07","",0,"",0,17,0
"249220180","KOMAÑCZA","2019","08",30.9,"",26.4,"",3.5,"",10.9,"",17.8,"",.0,"8",153.9,"",74.2,"","13","",0,"",0,10,0
"249220180","KOMAÑCZA","2019","09",29.4,"",20.2,"",-2.5,"",5.9,"",11.8,"",.0,"8",57.8,"",22.3,"","02","",0,"",0,14,0
"249220180","KOMAÑCZA","2019","10",23.5,"",16.5,"",-8.0,"",3.9,"",9.0,"",.0,"8",67.0,"",32.0,"","02","",0,"",0,11,0
"249220180","KOMAÑCZA","2019","11",18.5,"",12.1,"",-10.5,"",2.5,"",6.8,"",.0,"8",113.3,"",37.6,"","05","",0,"",0,21,0
"249220210","TERKA","2019","01",6.5,"",-1.2,"",-17.8,"",-7.0,"",-4.2,"",-13.6,"",53.4,"",6.0,"","02","03",40,"",31,2,20
"249220210","TERKA","2019","02",14.9,"",6.3,"",-9.8,"",-2.3,"",1.5,"",-12.0,"",28.5,"",12.0,"","10","",25,"",10,7,2
"249220210","TERKA","2019","03",19.2,"",9.4,"",-8.0,"",-.2,"",3.8,"",-10.2,"",31.0,"",7.0,"","15","",0,"",2,9,2
"250160360","TARNÓW","2019","01",7.4,"",1.8,"",-9.8,"",-3.3,"",-.8,"",-12.8,"",30.5,"",5.8,"","09","",6,"",9,4,16
"250160360","TARNÓW","2019","02",14.3,"",7.4,"",-11.3,"",.1,"",3.5,"",-13.3,"",27.0,"",9.1,"","03","",13,"",7,4,4
"250160360","TARNÓW","2019","03",19.8,"",11.5,"",-2.3,"",2.8,"",6.6,"",-5.3,"",16.0,"",3.3,"","01","",1,"",1,15,1
"250160360","TARNÓW","2019","04",26.2,"",15.6,"",-2.9,"",3.7,"",9.3,"",-5.3,"",39.2,"",20.2,"","29","",0,"",0,6,1
"250160360","TARNÓW","2019","05",23.7,"",16.1,"",.7,"",6.5,"",11.4,"",-2.0,"",69.5,"",12.4,"","21","",0,"",0,18,1
"250160360","TARNÓW","2019","06",33.5,"",26.8,"",8.3,"",14.2,"",21.1,"",6.3,"",59.5,"",19.1,"","15","",0,"",0,8,0
"250160360","TARNÓW","2019","07",32.4,"",25.2,"",6.3,"",13.0,"",19.3,"",4.0,"",66.1,"",19.8,"","13","",0,"",0,12,0
"250160360","TARNÓW","2019","08",30.6,"",25.5,"",6.9,"",14.1,"",19.7,"",4.8,"",77.3,"",24.4,"","20","",0,"",0,18,0
"250160360","TARNÓW","2019","09",30.8,"",19.8,"",2.0,"",9.7,"",14.3,"",-.8,"",44.2,"",11.9,"","08","",0,"",0,14,0
"250160360","TARNÓW","2019","10",23.7,"",16.3,"",-5.5,"",7.0,"",10.9,"",-7.6,"",30.9,"",12.5,"","05","",0,"",0,12,0
"250160360","TARNÓW","2019","11",14.9,"",10.3,"",-5.3,"",3.4,"",6.4,"",-7.2,"",30.4,"",12.8,"","12","",0,"",0,11,1
"250180580","DRONIOWICE","2019","01",6.1,"",1.0,"",-14.6,"",-4.8,"",-2.2,"",-18.9,"",63.7,"",8.9,"","15","",0,"",25,4,19
"250180580","DRONIOWICE","2019","02",15.2,"",7.6,"",-8.7,"",-1.2,"",2.3,"",-11.0,"",39.0,"",16.6,"","03","",20,"",8,7,4
"250180580","DRONIOWICE","2019","03",18.2,"",10.8,"",-5.4,"",1.5,"",5.4,"",-6.7,"",33.5,"",11.0,"","09","",2,"",1,14,2
"250180580","DRONIOWICE","2019","04",27.1,"",16.4,"",-3.2,"",4.0,"",9.7,"",-4.6,"",44.1,"",28.0,"","28","",2,"",1,5,2
"250180580","DRONIOWICE","2019","05",25.6,"",17.2,"",.0,"",6.9,"",11.8,"",-1.5,"",101.4,"",31.0,"","22","",0,"",0,20,0
"250180580","DRONIOWICE","2019","06",35.5,"",28.8,"",8.0,"",13.9,"",21.6,"",6.8,"",11.4,"",8.1,"","13","",0,"",0,7,0
"250180580","DRONIOWICE","2019","07",36.0,"",25.8,"",5.3,"",12.2,"",18.9,"",4.2,"",35.8,"",14.9,"","20","",0,"",0,12,0
"250180580","DRONIOWICE","2019","08",32.5,"",27.1,"",7.3,"",13.8,"",19.9,"",5.5,"",92.1,"",22.7,"","27","",0,"",0,14,0
"250180580","DRONIOWICE","2019","09",31.7,"",20.1,"",1.5,"",9.2,"",13.8,"",.0,"8",49.9,"",10.1,"","09","",0,"",0,13,0
"250180580","DRONIOWICE","2019","10",25.3,"",16.9,"",-4.6,"",5.8,"",10.0,"",.0,"8",23.4,"",6.9,"","02","",0,"",0,10,0
"250180580","DRONIOWICE","2019","11",17.5,"",11.1,"",-6.6,"",3.4,"",6.6,"",.0,"8",20.7,"",6.3,"","13","",0,"",0,13,1
"250190030","SILNICZKA","2019","01",7.1,"",.7,"",-15.3,"",-5.3,"",-2.4,"",.0,"8",66.8,"",13.8,"","15","",17,"",27,4,20
"250190030","SILNICZKA","2019","02",13.9,"",7.4,"",-10.3,"",-2.0,"",2.0,"",.0,"8",37.6,"",15.0,"","03","",11,"",8,7,6
"250190030","SILNICZKA","2019","03",18.8,"",11.3,"",-7.4,"",.3,"",5.0,"",.0,"8",40.4,"",9.3,"","09","",0,"",0,18,1
"250190030","SILNICZKA","2019","04",28.3,"",17.1,"",-6.6,"",1.9,"",9.0,"",.0,"8",20.1,"",11.5,"","28","",0,"",0,9,1
"250190030","SILNICZKA","2019","05",25.2,"",17.9,"",.8,"",6.8,"",12.3,"",.0,"8",51.1,"",10.6,"","14","",0,"",0,18,0
"250190030","SILNICZKA","2019","06",35.3,"",29.3,"",8.1,"",13.0,"",21.9,"",.0,"8",14.1,"",7.8,"","19","",0,"",0,5,0
"250190030","SILNICZKA","2019","07",36.8,"",25.6,"",4.4,"",11.8,"",18.9,"",.0,"8",33.6,"",12.5,"","10","",0,"",0,15,0
"250190030","SILNICZKA","2019","08",32.4,"",27.1,"",6.2,"",12.5,"",19.4,"",.0,"8",84.5,"",25.0,"","12","",0,"",0,12,0
"250190030","SILNICZKA","2019","09",31.8,"",19.8,"",.9,"",8.2,"",13.1,"",.0,"8",84.7,"",22.0,"","02","",0,"",0,14,0
"250190030","SILNICZKA","2019","10",22.4,"",16.1,"",-5.2,"",4.6,"",9.0,"",.0,"8",26.6,"",9.2,"","02","",0,"",0,9,0
"250190030","SILNICZKA","2019","11",16.2,"",9.7,"",-8.3,"",2.3,"",5.4,"",.0,"8",27.8,"",8.2,"","12","",0,"",0,12,0
"250190160","LGOTA GÓRNA","2019","01",5.9,"",-.1,"",-15.5,"",-5.9,"",-2.9,"",-20.2,"",50.3,"",7.5,"","15","",0,"",27,0,18
"250190160","LGOTA GÓRNA","2019","02",14.3,"",6.9,"",-11.5,"",-1.4,"",2.1,"",-14.1,"",31.5,"",14.2,"","03","",12,"",8,5,3
"250190160","LGOTA GÓRNA","2019","03",18.3,"",10.5,"",-8.0,"",.7,"",5.0,"",-12.0,"",32.8,"",9.5,"","09","",2,"",1,11,2
"250190160","LGOTA GÓRNA","2019","04",26.8,"",15.6,"",-2.1,"",3.7,"",9.3,"",-6.4,"",52.1,"",29.7,"","28","",0,"",0,4,2
"250190160","LGOTA GÓRNA","2019","05",23.8,"",16.4,"",1.3,"",6.8,"",11.4,"",-1.4,"",126.8,"",67.2,"","22","",0,"",0,19,0
"250190160","LGOTA GÓRNA","2019","06",33.9,"",27.3,"",9.6,"",14.4,"",21.1,"",6.4,"",9.7,"",3.7,"","21","",0,"",0,4,0
"250190160","LGOTA GÓRNA","2019","07",34.4,"",24.5,"",7.2,"",12.4,"",18.1,"",3.5,"",58.0,"",28.5,"","27","",0,"",0,13,0
"250190160","LGOTA GÓRNA","2019","08",31.3,"",26.1,"",8.1,"",13.8,"",19.4,"",6.9,"",74.6,"",16.7,"","12","",0,"",0,12,0
"250190160","LGOTA GÓRNA","2019","09",30.8,"",19.0,"",2.3,"",8.6,"",13.1,"",2.0,"",75.7,"",21.8,"","09","",0,"",0,13,0
"250190160","LGOTA GÓRNA","2019","10",24.8,"",16.2,"",-7.0,"",5.3,"",9.8,"",-7.9,"",27.8,"",11.5,"","02","",0,"",0,9,0
"250190160","LGOTA GÓRNA","2019","11",16.8,"",10.3,"",-6.0,"",2.6,"",6.0,"",-7.5,"",23.7,"",6.1,"","10","",0,"",0,9,0
"250190390","KRAKÓW-OBSERWATORIUM","2019","01",9.0,"",1.5,"",-8.7,"",-3.3,"",-1.2,"",-10.0,"",58.5,"",9.7,"","15","",13,"",18,2,18
"250190390","KRAKÓW-OBSERWATORIUM","2019","02",16.4,"",9.1,"",-6.9,"",-.2,"",3.5,"",-9.9,"",.0,"8",.0,"8","21","",0,"",0,0,0
"250190390","KRAKÓW-OBSERWATORIUM","2019","03",21.9,"",12.4,"",-3.0,"",2.7,"",6.8,"",-7.0,"",26.1,"",4.5,"","09","",0,"",0,12,3
"250190390","KRAKÓW-OBSERWATORIUM","2019","04",28.7,"",16.7,"",-1.1,"",5.5,"",10.5,"",-3.6,"",85.2,"",34.2,"","28","",0,"",0,11,1
"250190390","KRAKÓW-OBSERWATORIUM","2019","05",25.9,"",17.9,"",2.9,"",9.1,"",13.1,"",1.6,"",157.2,"",45.2,"","23","",0,"",0,22,0
"250190390","KRAKÓW-OBSERWATORIUM","2019","06",35.2,"",29.3,"",11.5,"",16.8,"",22.8,"",10.4,"",31.0,"",21.6,"","22","",0,"",0,8,0
"250190390","KRAKÓW-OBSERWATORIUM","2019","07",36.3,"",26.1,"",8.8,"",14.8,"",20.1,"",7.9,"",36.9,"",9.6,"","13","",0,"",0,13,0
"250190390","KRAKÓW-OBSERWATORIUM","2019","08",33.3,"",27.4,"",10.9,"",15.7,"",20.8,"",10.1,"",91.4,"",25.5,"","12","",0,"",0,13,0
"250190390","KRAKÓW-OBSERWATORIUM","2019","09",32.8,"",21.0,"",5.2,"",10.8,"",14.9,"",4.5,"",74.0,"",23.6,"","02","",0,"",0,14,0
"250190390","KRAKÓW-OBSERWATORIUM","2019","10",26.7,"",18.2,"",-2.7,"",6.3,"",10.7,"",-3.6,"",41.7,"",12.3,"","02","",0,"",0,8,0
"250190390","KRAKÓW-OBSERWATORIUM","2019","11",20.1,"",10.4,"",-1.9,"",3.4,"",6.4,"",-3.5,"",45.6,"",21.7,"","10","",0,"",0,10,1
"250200230","BORUSOWA","2019","01",8.5,"",1.0,"",-11.0,"",-4.6,"",-2.0,"",.0,"8",26.1,"",5.0,"","12","",7,"",12,5,13
"250200230","BORUSOWA","2019","02",14.9,"",8.0,"",-8.5,"",-1.0,"",2.7,"",-8.5,"",17.3,"",7.5,"","21","",0,"",0,5,3
"250200230","BORUSOWA","2019","03",21.0,"",12.3,"",-6.1,"",.5,"",5.6,"",-8.0,"",18.1,"",3.2,"","09","",0,"",0,16,0
"250200230","BORUSOWA","2019","04",27.8,"",16.5,"",-3.2,"",3.5,"",9.7,"",-7.0,"",64.9,"",24.2,"","28","",0,"",0,9,0
"250200230","BORUSOWA","2019","05",24.8,"",17.9,"",1.4,"",8.8,"",13.1,"",-1.1,"",181.5,"",97.6,"","21","",0,"",0,18,0
"250200230","BORUSOWA","2019","06",34.4,"",28.1,"",8.8,"",14.6,"",21.9,"",8.2,"",3.1,"",1.9,"","20","",0,"",0,3,0
"250200230","BORUSOWA","2019","07",36.5,"",26.5,"",4.8,"",12.5,"",19.6,"",3.4,"",34.9,"",10.9,"","21","",0,"",0,12,0
"250200230","BORUSOWA","2019","08",32.4,"",27.1,"",8.0,"",14.5,"",20.4,"",8.2,"",90.8,"",29.2,"","07","",0,"",0,10,0
"250200230","BORUSOWA","2019","09",31.4,"",20.9,"",1.8,"",10.1,"",14.7,"",.7,"",40.3,"",16.5,"","02","",0,"",0,10,0
"250200230","BORUSOWA","2019","10",24.2,"",17.4,"",-3.2,"",5.3,"",10.0,"",-4.5,"",44.3,"",12.0,"","02","",0,"",0,15,0
"250200230","BORUSOWA","2019","11",17.8,"",10.9,"",-3.4,"",3.5,"",6.4,"",-3.4,"",44.9,"",15.8,"","10","",0,"",0,14,0
"250210050","ŒWIÊTY KRZY¯","2019","01",3.1,"",-2.5,"",-11.8,"",-6.7,"",-4.8,"",-12.6,"",69.2,"",13.8,"","01","",39,"",31,0,23
"250210050","ŒWIÊTY KRZY¯","2019","02",10.5,"",4.6,"",-10.7,"",-1.3,"",1.1,"",-12.6,"",22.3,"",10.0,"","21","",39,"",22,0,6
"250210050","ŒWIÊTY KRZY¯","2019","03",15.6,"",7.9,"",-6.0,"",.7,"",3.5,"",-6.1,"",38.5,"",10.0,"","09","",4,"",4,10,8
"250210050","ŒWIÊTY KRZY¯","2019","04",25.6,"",13.1,"",-1.1,"",4.1,"",7.8,"",-2.3,"",43.0,"",25.2,"","28","",2,"",2,6,4
"250210050","ŒWIÊTY KRZY¯","2019","05",21.4,"",14.7,"",2.1,"",7.6,"",10.7,"",-.7,"",108.9,"",25.2,"","23","",0,"",0,17,0
"250210050","ŒWIÊTY KRZY¯","2019","06",29.6,"",24.8,"",9.6,"",15.3,"",19.8,"",8.8,"",92.0,"",49.0,"","21","",0,"",0,5,0
"250210050","ŒWIÊTY KRZY¯","2019","07",32.1,"",21.8,"",8.1,"",13.0,"",17.0,"",6.9,"",39.8,"",8.0,"","24","",0,"",0,15,0
"250210050","ŒWIÊTY KRZY¯","2019","08",28.1,"",23.4,"",10.6,"",14.5,"",18.4,"",7.8,"",132.4,"",47.5,"","12","",0,"",0,11,0
"250210050","ŒWIÊTY KRZY¯","2019","09",26.0,"",16.7,"",3.7,"",10.0,"",12.7,"",3.4,"",90.4,"",24.0,"","09","",0,"",0,12,0
"250210050","ŒWIÊTY KRZY¯","2019","10",20.6,"",14.0,"",-1.2,"",7.6,"",10.0,"",-3.9,"",38.0,"",9.0,"","02","",0,"",0,12,0
"250210050","ŒWIÊTY KRZY¯","2019","11",13.7,"",7.6,"",-3.3,"",2.7,"",4.8,"",-4.5,"",45.3,"",18.4,"","10","",0,"",0,15,1
"250210130","STASZÓW","2019","01",6.4,"",.0,"",-12.6,"",-4.9,"",-2.7,"",.0,"8",42.7,"",8.9,"","13","",13,"",30,5,16
"250210130","STASZÓW","2019","02",14.4,"",7.7,"",-9.0,"",-2.2,"",1.8,"",.0,"8",10.6,"",5.2,"","21","",2,"",2,3,4
"250210130","STASZÓW","2019","03",19.4,"",11.1,"",-8.5,"",-.4,"",4.7,"",.0,"8",35.2,"",7.4,"","09","",0,"",0,11,4
"250210130","STASZÓW","2019","04",27.1,"",15.7,"",-3.8,"",3.7,"",9.5,"",.0,"8",45.3,"",18.2,"","28","",0,"",0,11,0
"250210130","STASZÓW","2019","05",25.1,"",17.7,"",-.7,"",8.5,"",13.0,"",.0,"8",86.8,"",31.9,"","21","",0,"",0,19,0
"250210130","STASZÓW","2019","06",33.8,"",28.0,"",8.2,"",14.3,"",21.7,"",.0,"8",24.1,"",15.7,"","16","",0,"",0,5,0
"250210130","STASZÓW","2019","07",36.3,"",25.1,"",3.7,"",11.2,"",18.6,"",.0,"8",71.7,"",31.6,"","21","",0,"",0,13,0
"250210130","STASZÓW","2019","08",32.0,"",26.4,"",5.7,"",13.3,"",19.7,"",.0,"8",72.4,"",20.0,"","20","",0,"",0,14,0
"250210130","STASZÓW","2019","09",30.1,"",19.9,"",.5,"",8.2,"",13.3,"",.0,"8",95.0,"",33.6,"","02","",0,"",0,12,0
"250210130","STASZÓW","2019","10",23.4,"",16.6,"",-4.6,"",3.4,"",8.7,"",.0,"8",40.2,"",11.9,"","02","",0,"",0,10,0
"250210130","STASZÓW","2019","11",15.7,"",9.7,"",-7.6,"",2.8,"",5.7,"",.0,"8",43.1,"",17.3,"","10","",0,"",0,12,2
"250210180","CHORZELÓW","2019","01",6.5,"",.3,"",-14.3,"",-5.7,"",-2.6,"",.0,"8",46.9,"",7.5,"","13","",17,"",25,2,21
"250210180","CHORZELÓW","2019","02",14.9,"",8.0,"",-9.4,"",-1.8,"",2.5,"",.0,"8",13.3,"",8.6,"","21","",0,"",0,7,4
"250210180","CHORZELÓW","2019","03",19.3,"",11.6,"",-6.1,"",.3,"",5.3,"",.0,"8",20.8,"",4.2,"","15","",0,"",0,14,2
"250210180","CHORZELÓW","2019","04",28.7,"",16.4,"",-5.1,"",2.9,"",9.6,"",.0,"8",67.5,"",24.9,"","29","",0,"",0,8,1
"250210180","CHORZELÓW","2019","05",26.3,"",18.3,"",-1.1,"",8.5,"",13.4,"",.0,"8",153.5,"",100.2,"","21","",0,"",0,19,0
"250210180","CHORZELÓW","2019","06",34.7,"",28.7,"",8.0,"",14.0,"",21.9,"",.0,"8",4.6,"",2.2,"","06","",0,"",0,6,0
"250210180","CHORZELÓW","2019","07",37.2,"",26.0,"",5.4,"",12.0,"",19.4,"",.0,"8",82.2,"",45.3,"","29","",0,"",0,12,0
"250210180","CHORZELÓW","2019","08",32.9,"",27.1,"",6.4,"",13.3,"",19.9,"",.0,"8",76.3,"",16.2,"","14","",0,"",0,10,0
"250210180","CHORZELÓW","2019","09",31.7,"",21.0,"",1.1,"",8.2,"",14.1,"",.0,"8",45.1,"",11.1,"","02","",0,"",0,10,0
"250210180","CHORZELÓW","2019","10",25.1,"",17.4,"",-5.0,"",4.0,"",9.8,"",.0,"8",43.8,"",19.1,"","02","",0,"",0,8,0
"250210180","CHORZELÓW","2019","11",17.2,"",11.0,"",-6.0,"",2.2,"",6.3,"",.0,"8",52.4,"",15.5,"","05","",0,"",0,16,0
"250210240","ZAWADA","2019","01",6.1,"",.7,"",-15.3,"",-4.7,"",-2.3,"",-17.0,"",35.1,"",5.5,"","13","",7,"",18,4,16
"250210240","ZAWADA","2019","02",14.9,"",8.0,"",-8.2,"",.6,"",3.7,"",-9.5,"",14.9,"",9.9,"","21","",0,"",0,6,0
"250210240","ZAWADA","2019","03",18.6,"",11.3,"",-5.8,"",2.2,"",6.3,"",-7.0,"",29.3,"",8.8,"","15","",0,"",0,9,2
"250210240","ZAWADA","2019","04",28.2,"",16.7,"",-3.8,"",4.5,"",10.2,"",-6.0,"",79.9,"",32.2,"","28","",0,"",0,8,0
"250210240","ZAWADA","2019","05",25.3,"",17.7,"",1.5,"",9.7,"",13.4,"",-1.0,"",202.3,"",93.3,"","21","",0,"",0,21,0
"250210240","ZAWADA","2019","06",33.2,"",27.8,"",9.0,"",15.9,"",22.1,"",7.9,"",21.0,"",20.3,"","21","",0,"",0,5,0
"250210240","ZAWADA","2019","07",35.2,"",25.8,"",7.0,"",13.8,"",19.7,"",5.5,"",58.6,"",18.6,"","14","",0,"",0,14,0
"250210240","ZAWADA","2019","08",32.2,"",27.2,"",8.0,"",14.7,"",20.4,"",6.9,"",105.3,"",42.3,"","07","",0,"",0,11,0
"250210240","ZAWADA","2019","09",30.7,"",20.9,"",3.5,"",10.0,"",14.8,"",2.0,"",49.7,"",24.1,"","02","",0,"",0,10,0
"250210240","ZAWADA","2019","10",25.2,"",17.8,"",-2.7,"",6.9,"",11.5,"",-4.0,"",45.6,"",20.7,"","02","",0,"",0,9,0
"250210240","ZAWADA","2019","11",18.1,"",11.6,"",-6.7,"",4.1,"",7.2,"",-6.5,"",62.6,"",23.8,"","10","",0,"",0,12,0
"250220120","JAROCIN","2019","01",5.2,"",-.3,"",-15.3,"",-6.0,"",-3.1,"",.0,"8",45.8,"",5.2,"","15","",23,"",22,4,16
"250220120","JAROCIN","2019","02",14.1,"",7.3,"",-10.2,"",-1.4,"",2.2,"",.0,"8",21.2,"",11.2,"","21","",6,"",3,5,2
"250220120","JAROCIN","2019","03",18.8,"",10.9,"",-9.5,"",-.2,"",4.7,"",.0,"8",32.5,"",9.8,"","15","",0,"",0,10,4
"250220120","JAROCIN","2019","04",27.4,"",16.0,"",-5.6,"",4.2,"",9.8,"",.0,"8",43.0,"",12.4,"","29","",0,"",0,7,2
"250220120","JAROCIN","2019","05",26.2,"",18.4,"",-1.6,"",8.9,"",13.5,"",.0,"8",77.4,"",36.6,"","21","",0,"",0,19,0
"250220120","JAROCIN","2019","06",33.6,"",28.3,"",6.4,"",14.4,"",22.0,"",.0,"8",32.4,"",24.5,"","21","",0,"",0,6,0
"250220120","JAROCIN","2019","07",36.2,"",25.4,"",5.0,"",11.6,"",18.8,"",.0,"8",43.0,"",19.8,"","29","",0,"",0,11,0
"250220120","JAROCIN","2019","08",32.0,"",26.9,"",6.5,"",13.6,"",19.9,"",.0,"8",93.6,"",29.8,"","07","",0,"",0,8,0
"250220120","JAROCIN","2019","09",29.6,"",20.3,"",1.0,"",8.1,"",13.5,"",.0,"8",44.0,"",21.5,"","02","",0,"",0,13,0
"250220120","JAROCIN","2019","10",23.8,"",17.2,"",-6.8,"",4.6,"",9.5,"",.0,"8",26.3,"",8.0,"","02","",0,"",0,11,0
"250220120","JAROCIN","2019","11",.0,"8",.0,"8",-8.4,"",3.7,"",.0,"8",.0,"8",63.9,"",17.6,"","05","",0,"",0,18,0
"250230160","CIESZANÓW","2019","01",5.3,"",-.7,"",-16.4,"",-5.6,"",-3.1,"",.0,"8",26.4,"",4.1,"","13","",11,"",26,2,21
"250230160","CIESZANÓW","2019","02",14.2,"",6.3,"",-8.1,"",-1.0,"",2.1,"",-10.2,"",14.8,"",6.4,"","21","",4,"",2,2,4
"250230160","CIESZANÓW","2019","03",18.0,"",10.1,"",-6.4,"",.2,"",4.5,"",-8.5,"",20.1,"",5.0,"","15","",0,"",0,10,4
"250230160","CIESZANÓW","2019","04",26.2,"",15.5,"",-5.4,"",3.5,"",9.4,"",-7.5,"",53.1,"",20.4,"","29","",0,"",0,7,0
"250230160","CIESZANÓW","2019","05",25.1,"",17.9,"",.5,"",8.7,"",13.2,"",-1.5,"",119.6,"",35.5,"","21","",0,"",0,22,0
"250230160","CIESZANÓW","2019","06",32.4,"",27.1,"",6.3,"",13.0,"",20.9,"",5.0,"",15.6,"",7.0,"","19","",0,"",0,9,0
"250230160","CIESZANÓW","2019","07",33.9,"",25.4,"",4.4,"",10.8,"",18.5,"",1.7,"",54.8,"",27.5,"","21","",0,"",0,12,0
"250230160","CIESZANÓW","2019","08",31.5,"",26.5,"",6.9,"",12.5,"",19.4,"",6.6,"",105.9,"",33.7,"","13","",0,"",0,10,0
"250230160","CIESZANÓW","2019","09",29.3,"",20.5,"",.2,"",7.3,"",13.5,"",-1.4,"",24.6,"",8.1,"","30","",0,"",0,12,0
"250230160","CIESZANÓW","2019","10",24.3,"",17.2,"",-3.9,"",3.9,"",9.2,"",-5.0,"",30.3,"",9.7,"","02","",0,"",0,11,0
"250230160","CIESZANÓW","2019","11",18.1,"",9.9,"",-7.1,"",2.5,"",6.0,"",-8.0,"",63.1,"",17.1,"","05","",0,"",0,16,1
"250240010","STRZY¯ÓW","2019","01",5.5,"",-1.0,"",-15.0,"",-6.3,"",-3.8,"",-16.2,"",34.1,"",3.9,"","15","",14,"",29,0,18
"250240010","STRZY¯ÓW","2019","02",12.4,"",5.4,"",-8.2,"",-.8,"",1.7,"",-9.2,"",10.4,"",6.4,"","21","",6,"",5,5,2
"250240010","STRZY¯ÓW","2019","03",18.8,"",10.3,"",-8.0,"",.5,"",4.7,"",-9.7,"",17.9,"",3.4,"","09","",0,"",0,10,2
"250240010","STRZY¯ÓW","2019","04",27.3,"",15.5,"",-4.4,"",4.0,"",9.3,"",-7.7,"",24.6,"",9.1,"","29","",0,"",0,6,0
"250240010","STRZY¯ÓW","2019","05",25.3,"",19.1,"",.6,"",9.4,"",13.9,"",-2.0,"",83.5,"",17.0,"","05","",0,"",0,17,0
"250240010","STRZY¯ÓW","2019","06",31.8,"",27.5,"",9.5,"",15.7,"",21.2,"",6.9,"",57.1,"",22.3,"","14","",0,"",0,6,0
"250240010","STRZY¯ÓW","2019","07",33.8,"",24.9,"",6.5,"",12.6,"",18.6,"",4.0,"",47.8,"",20.4,"","21","",0,"",0,12,0
"250240010","STRZY¯ÓW","2019","08",30.8,"",26.2,"",8.2,"",13.0,"",19.1,"",6.9,"",119.7,"",46.6,"","12","",0,"",0,9,0
"250240010","STRZY¯ÓW","2019","09",29.3,"",20.4,"",-.2,"",7.6,"",13.1,"",-1.8,"",27.1,"",8.4,"","26","",0,"",0,9,0
"250240010","STRZY¯ÓW","2019","10",25.3,"",17.1,"",-2.9,"",4.8,"",9.6,"",-6.1,"",20.5,"",5.1,"","03","",0,"",0,7,0
"250240010","STRZY¯ÓW","2019","11",19.3,"",9.9,"",-5.4,"",3.1,"",6.0,"",-8.2,"",57.6,"",13.5,"","04","",0,"",0,18,0
"251150060","CEBER","2019","01",10.0,"",3.3,"",-10.0,"",-2.6,"",.1,"",-14.2,"",45.0,"",5.0,"","04","09",1,"",1,3,18
"251150060","CEBER","2019","02",17.0,"",8.8,"",-8.0,"",-1.2,"",3.1,"",-11.2,"",17.0,"",7.0,"","03","",4,"",2,10,1
"251150060","CEBER","2019","03",20.8,"",12.3,"",-4.5,"",2.3,"",6.5,"",-9.2,"",32.2,"",9.6,"","10","",0,"",0,17,1
"251150060","CEBER","2019","04",27.4,"",17.1,"",-5.0,"",2.8,"",9.8,"",-7.2,"",9.4,"",6.8,"","13","",0,"",0,3,0
"251150060","CEBER","2019","05",25.1,"",17.8,"",-1.0,"",6.0,"",11.9,"",-4.2,"",86.6,"",18.3,"","22","",0,"",0,15,0
"251150060","CEBER","2019","06",38.3,"",29.5,"",6.5,"",14.2,"",22.4,"",4.2,"",7.0,"",2.8,"","13","",0,"",0,5,0
"251150060","CEBER","2019","07",33.9,"",26.1,"",6.5,"",13.6,"",19.9,"",4.4,"",39.6,"",7.3,"","14","",0,"",0,13,0
"251150060","CEBER","2019","08",33.4,"",28.0,"",5.8,"",14.2,"",20.8,"",4.5,"",32.6,"",13.8,"","20","",0,"",0,9,0
"251150060","CEBER","2019","09",33.9,"",20.8,"",1.2,"",9.5,"",14.4,"",-1.2,"",46.9,"",9.7,"","08","",0,"",0,12,0
"251150060","CEBER","2019","10",25.9,"",16.8,"",-5.6,"",6.6,"",10.7,"",-6.1,"",24.4,"",5.0,"","02","",0,"",0,11,0
"251150060","CEBER","2019","11",15.3,"",10.5,"",-2.0,"",3.6,"",6.5,"",-3.8,"",43.5,"",10.7,"","12","",0,"",0,12,0
"251160320","RADZYÑ","2019","01",7.5,"",2.6,"",-9.2,"",-2.2,"",.1,"",-12.6,"",53.3,"",7.3,"","15","",2,"",4,7,15
"251160320","RADZYÑ","2019","02",16.0,"",8.5,"",-7.0,"",-.4,"",3.3,"",-10.5,"",16.3,"",6.8,"","03","",4,"",5,8,2
"251160320","RADZYÑ","2019","03",21.0,"",11.5,"",-2.6,"",2.8,"",6.5,"",-6.5,"",44.0,"",10.2,"","10","",0,"",0,15,3
"251160320","RADZYÑ","2019","04",27.6,"",16.8,"",-3.2,"",4.3,"",10.4,"",-6.9,"",8.4,"",6.1,"","13","",0,"",0,4,0
"251160320","RADZYÑ","2019","05",24.7,"",17.4,"",-.7,"",6.5,"",12.2,"",-2.7,"",74.7,"",11.6,"","28","",0,"",0,14,0
"251160320","RADZYÑ","2019","06",38.1,"",29.3,"",7.8,"",15.4,"",22.9,"",5.5,"",8.8,"",5.9,"","06","",0,"",0,7,0
"251160320","RADZYÑ","2019","07",33.6,"",25.5,"",8.5,"",13.9,"",19.8,"",5.8,"",57.6,"",19.5,"","31","",0,"",0,10,0
"251160320","RADZYÑ","2019","08",33.5,"",27.1,"",6.6,"",14.5,"",20.6,"",4.7,"",49.8,"",15.2,"","20","",0,"",0,11,0
"251160320","RADZYÑ","2019","09",33.4,"",20.4,"",2.5,"",9.4,"",14.2,"",.1,"",61.6,"",11.4,"","28","",0,"",0,14,0
"251160320","RADZYÑ","2019","10",24.6,"",16.2,"",-5.2,"",6.4,"",10.5,"",-7.1,"",19.8,"",4.2,"","02","",0,"",0,10,0
"251160320","RADZYÑ","2019","11",14.6,"",10.1,"",-2.6,"",3.7,"",6.6,"",-6.1,"",46.3,"",9.7,"","03","",0,"",0,14,0
"251170090","SMOLICE","2019","01",7.5,"",2.0,"",-8.6,"",-2.7,"",-.4,"",-10.4,"",56.2,"",11.0,"","13","",3,"",5,6,16
"251170090","SMOLICE","2019","02",14.7,"",8.2,"",-7.0,"",-.6,"",3.1,"",-9.4,"",19.5,"",7.2,"","03","",3,"",3,6,4
"251170090","SMOLICE","2019","03",20.0,"",11.2,"",-3.3,"",2.1,"",6.0,"",-6.7,"",29.2,"",10.0,"","10","",0,"",0,12,1
"251170090","SMOLICE","2019","04",27.3,"",16.8,"",-3.2,"",4.7,"",10.4,"",-7.1,"",11.4,"",6.0,"","13","",0,"",0,3,0
"251170090","SMOLICE","2019","05",24.6,"",17.4,"",-.1,"",7.1,"",12.2,"",-5.5,"",72.2,"",15.2,"","12","",0,"",0,15,0
"251170090","SMOLICE","2019","06",37.3,"",29.5,"",7.4,"",15.1,"",22.6,"",4.4,"",15.5,"",8.2,"","15","",0,"",0,5,0
"251170090","SMOLICE","2019","07",34.3,"",25.8,"",6.9,"",13.0,"",19.7,"",4.7,"",41.5,"",17.2,"","30","",0,"",0,10,0
"251170090","SMOLICE","2019","08",32.8,"",27.2,"",7.8,"",14.9,"",20.4,"",6.0,"",49.9,"",15.6,"","07","",0,"",0,13,0
"251170090","SMOLICE","2019","09",32.8,"",19.9,"",4.0,"",10.1,"",14.3,"",2.3,"",52.9,"",16.3,"","09","",0,"",0,17,0
"251170090","SMOLICE","2019","10",25.1,"",16.3,"",-4.4,"",6.8,"",10.7,"",-5.5,"",17.8,"",3.7,"","02","",0,"",0,11,0
"251170090","SMOLICE","2019","11",15.1,"",10.0,"",-4.5,"",3.8,"",6.6,"",-3.9,"",44.2,"",14.8,"","12","",0,"",0,9,0
"251190050","PUCZNIEW","2019","01",6.6,"",1.3,"",-10.4,"",-3.9,"",-1.5,"",-12.4,"",52.8,"",7.5,"","13","",5,"",18,6,15
"251190050","PUCZNIEW","2019","02",14.1,"",7.6,"",-7.8,"",-.6,"",2.7,"",-15.1,"",42.3,"",21.6,"","03","",10,"",9,6,6
"251190050","PUCZNIEW","2019","03",18.6,"",10.9,"",-5.2,"",1.9,"",5.6,"",-8.2,"",29.1,"",7.5,"","10","",0,"",0,11,3
"251190050","PUCZNIEW","2019","04",27.9,"",16.5,"",-3.7,"",3.5,"",9.5,"",-8.9,"",32.6,"",16.4,"","29","",0,"",0,3,1
"251190050","PUCZNIEW","2019","05",25.7,"",17.7,"",-.5,"",7.2,"",12.5,"",-3.5,"",38.2,"",10.3,"","28","",0,"",0,13,0
"251190050","PUCZNIEW","2019","06",36.1,"",29.0,"",7.7,"",14.4,"",22.2,"",5.0,"",26.7,"",26.1,"","13","",0,"",0,3,0
"251190050","PUCZNIEW","2019","07",33.7,"",25.0,"",6.0,"",12.9,"",18.9,"",3.3,"",48.7,"",15.8,"","10","",0,"",0,12,0
"251190050","PUCZNIEW","2019","08",32.7,"",27.1,"",6.2,"",13.8,"",19.9,"",3.8,"",55.7,"",27.6,"","20","",0,"",0,11,0
"251190050","PUCZNIEW","2019","09",32.2,"",20.1,"",2.5,"",9.6,"",13.8,"",-.5,"",70.0,"",24.8,"","09","",0,"",0,12,0
"251190050","PUCZNIEW","2019","10",23.8,"",16.2,"",-4.1,"",6.9,"",10.3,"",-6.9,"",29.7,"",9.8,"","02","",0,"",0,10,0
"251190050","PUCZNIEW","2019","11",15.4,"",10.0,"",-5.3,"",3.3,"",6.1,"",-8.6,"",16.3,"",7.4,"","13","",0,"",0,10,0
"251200030","SKIERNIEWICE","2019","01",8.2,"",1.7,"",-10.9,"",-4.8,"",-1.6,"",-14.5,"",36.0,"",5.4,"","01","",4,"",13,5,11
"251200030","SKIERNIEWICE","2019","02",15.1,"",8.3,"",-8.2,"",-.3,"",3.2,"",-10.4,"",34.7,"",13.4,"","21","",7,"",6,6,4
"251200030","SKIERNIEWICE","2019","03",19.2,"",12.3,"",-3.7,"",1.8,"",6.2,"",-7.4,"",34.2,"",10.7,"","10","",0,"",0,8,3
"251200030","SKIERNIEWICE","2019","04",28.8,"",17.7,"",-4.1,"",2.9,"",9.8,"",-7.9,"",11.9,"",5.4,"","29","",0,"",0,3,1
"251200030","SKIERNIEWICE","2019","05",26.3,"",19.1,"",-2.9,"",7.3,"",13.2,"",-4.5,"",47.5,"",10.0,"","14","",0,"",0,14,0
"251200030","SKIERNIEWICE","2019","06",35.8,"",29.7,"",4.9,"",13.5,"",22.0,"",7.2,"",24.1,"",18.7,"","13","",0,"",0,3,0
"251200030","SKIERNIEWICE","2019","07",35.3,"",25.7,"",6.7,"",12.5,"",19.0,"",5.0,"",64.3,"",39.9,"","29","",0,"",0,15,0
"251200030","SKIERNIEWICE","2019","08",33.3,"",27.6,"",6.7,"",12.9,"",20.1,"",4.5,"",69.5,"",32.0,"","20","",0,"",0,9,0
"251200030","SKIERNIEWICE","2019","09",32.7,"",20.5,"",2.2,"",8.8,"",14.0,"",1.5,"",79.1,"",16.6,"","09","",0,"",0,13,0
"251200030","SKIERNIEWICE","2019","10",25.7,"",17.0,"",-3.4,"",5.9,"",10.4,"",-6.0,"",21.6,"",7.7,"","09","",0,"",0,6,0
"251200030","SKIERNIEWICE","2019","11",18.2,"",10.5,"",-6.1,"",2.3,"",6.0,"",-8.5,"",13.6,"",8.1,"","13","",0,"",0,8,0
"251210040","JARCZEW","2019","01",5.6,"",-.4,"",-15.4,"",-7.0,"",-3.4,"",-17.5,"",40.7,"",8.6,"","13","",11,"",23,3,16
"251210040","JARCZEW","2019","02",12.8,"",5.9,"",-8.8,"",-1.1,"",2.1,"",-11.4,"",16.6,"",8.4,"","21","",8,"",5,4,3
"251210040","JARCZEW","2019","03",16.9,"",9.2,"",-4.4,"",1.4,"",4.8,"",-8.0,"",37.1,"",11.1,"","09","",2,"",1,10,1
"251210040","JARCZEW","2019","04",25.1,"",14.6,"",-2.4,"",3.7,"",8.9,"",-7.4,"",25.1,"",16.8,"","21","",0,"",0,5,1
"251210040","JARCZEW","2019","05",24.4,"",18.2,"",-1.0,"",7.5,"",12.9,"",-5.5,"",116.2,"",37.1,"","20","",0,"",0,15,0
"251210040","JARCZEW","2019","06",33.3,"",27.8,"",6.5,"",12.4,"",21.0,"",7.4,"",29.3,"",13.2,"","20","",0,"",0,5,0
"251210040","JARCZEW","2019","07",33.8,"",24.9,"",5.4,"",11.2,"",18.2,"",5.3,"",53.9,"",37.6,"","29","",0,"",0,12,0
"251210040","JARCZEW","2019","08",31.8,"",26.3,"",7.7,"",12.5,"",19.5,"",4.9,"",58.0,"",18.4,"","12","",0,"",0,8,0
"251210040","JARCZEW","2019","09",29.3,"",20.5,"",1.4,"",8.0,"",13.7,"",-.6,"",51.6,"",11.8,"","30","",0,"",0,12,0
"251210040","JARCZEW","2019","10",22.9,"",16.5,"",-5.1,"",5.6,"",10.3,"",-5.5,"",27.0,"",10.4,"","09","",0,"",0,10,0
"251210040","JARCZEW","2019","11",16.0,"",9.7,"",-3.1,"",3.3,"",6.0,"",-5.5,"",25.5,"",17.0,"","10","",0,"",0,8,0
"251210120","PU£AWY","2019","01",6.5,"",.1,"",-10.6,"",-4.5,"",-2.4,"",-18.0,"",62.0,"",8.0,"","02","13",24,"",29,3,18
"251210120","PU£AWY","2019","02",14.1,"",6.9,"",-7.6,"",.2,"",2.9,"",-9.6,"",15.2,"",10.0,"","21","",6,"",4,6,2
"251210120","PU£AWY","2019","03",18.6,"",10.9,"",-5.7,"",1.9,"",5.7,"",-8.6,"",20.9,"",4.4,"","09","",0,"",0,10,2
"251210120","PU£AWY","2019","04",26.8,"",15.8,"",-1.0,"",4.8,"",10.1,"",-5.1,"",39.3,"",21.0,"","28","",0,"",0,8,0
"251210120","PU£AWY","2019","05",25.8,"",18.9,"",.4,"",9.5,"",13.9,"",-3.6,"",69.0,"",14.8,"","20","",0,"",0,16,0
"251210120","PU£AWY","2019","06",34.2,"",28.8,"",11.3,"",16.4,"",22.7,"",8.1,"",36.7,"",16.0,"","21","",0,"",0,6,0
"251210120","PU£AWY","2019","07",35.0,"",25.1,"",8.8,"",13.8,"",19.5,"",4.1,"",70.6,"",31.2,"","21","",0,"",0,14,0
"251210120","PU£AWY","2019","08",32.3,"",26.7,"",10.2,"",14.8,"",20.4,"",7.3,"",94.3,"",37.0,"","20","",0,"",0,11,0
"251210120","PU£AWY","2019","09",30.5,"",20.2,"",2.6,"",10.2,"",14.4,"",-.8,"",57.8,"",17.6,"","26","",0,"",0,16,0
"251210120","PU£AWY","2019","10",24.3,"",16.9,"",-1.4,"",7.1,"",10.8,"",-6.6,"",33.5,"",10.8,"","09","",0,"",0,8,0
"251210120","PU£AWY","2019","11",17.0,"",9.8,"",-4.0,"",4.0,"",6.4,"",-7.6,"",31.4,"",14.9,"","10","",0,"",0,14,0
"252150120","GORZYÑ","2019","01",9.3,"",3.1,"",-9.9,"",-1.9,"",.3,"",-13.4,"",70.3,"",16.3,"","08","",6,"",6,13,7
"252150120","GORZYÑ","2019","02",15.5,"",7.9,"",-6.6,"",.3,"",3.3,"",-10.0,"",19.5,"",4.2,"","21","",0,"",0,8,2
"252150120","GORZYÑ","2019","03",19.1,"",10.5,"",-3.4,"",3.0,"",6.3,"",-6.0,"",52.8,"",9.8,"","09","",0,"",0,17,1
"252150120","GORZYÑ","2019","04",27.9,"",17.2,"",-3.8,"",3.6,"",9.7,"",-8.6,"",6.5,"",4.9,"","28","",0,"",0,2,0
"252150120","GORZYÑ","2019","05",26.2,"",17.6,"",-1.1,"",7.3,"",12.4,"",-7.0,"",86.3,"",24.6,"","21","",0,"",0,17,0
"252150120","GORZYÑ","2019","06",37.2,"",29.4,"",9.4,"",15.0,"",22.3,"",1.0,"",6.9,"",3.2,"","12","",0,"",0,3,0
"252150120","GORZYÑ","2019","07",33.7,"",24.9,"",9.4,"",14.3,"",19.3,"",.0,"8",71.8,"",27.6,"","30","",0,"",0,11,0
"252150120","GORZYÑ","2019","08",32.7,"",26.4,"",7.6,"",15.1,"",20.3,"",.0,"8",38.1,"",17.5,"","06","",0,"",0,9,0
"252150120","GORZYÑ","2019","09",32.3,"",19.4,"",5.5,"",10.8,"",14.3,"",2.5,"",61.9,"",22.7,"","09","",0,"",0,12,0
"252150120","GORZYÑ","2019","10",23.3,"",15.4,"",-3.6,"",7.5,"",10.6,"",-5.4,"",33.8,"",5.7,"","05","",0,"",0,12,0
"252150120","GORZYÑ","2019","11",14.3,"",9.2,"",-5.2,"",4.1,"",6.2,"",-7.7,"",47.9,"",9.4,"","09","",0,"",0,16,0
"252150270","BABIMOST","2019","01",7.6,"",2.7,"",-11.1,"",-2.6,"",.0,"",.0,"8",52.5,"",8.8,"","13","",3,"",6,6,16
"252150270","BABIMOST","2019","02",16.3,"",8.4,"",-8.6,"",-1.2,"",2.8,"",.0,"8",20.0,"",8.4,"","03","",2,"",3,6,3
"252150270","BABIMOST","2019","03",20.5,"",11.2,"",-4.5,"",2.0,"",6.1,"",.0,"8",42.0,"",11.8,"","09","",0,"",0,14,2
"252150270","BABIMOST","2019","04",28.3,"",17.5,"",-5.4,"",2.8,"",10.1,"",.0,"8",5.9,"",4.2,"","13","",0,"",0,4,0
"252150270","BABIMOST","2019","05",25.0,"",17.6,"",-2.7,"",5.5,"",12.0,"",.0,"8",57.7,"",11.1,"","09","",0,"",0,17,0
"252150270","BABIMOST","2019","06",37.9,"",30.3,"",6.4,"",14.4,"",23.0,"",.0,"8",7.3,"",4.8,"","12","",0,"",0,2,0
"252150270","BABIMOST","2019","07",36.1,"",25.7,"",8.6,"",13.3,"",19.6,"",.0,"8",58.3,"",18.9,"","31","",0,"",0,8,0
"252150270","BABIMOST","2019","08",32.9,"",27.0,"",5.1,"",13.8,"",20.2,"",.0,"8",51.1,"",19.1,"","06","",0,"",0,9,0
"252150270","BABIMOST","2019","09",33.2,"",19.8,"",2.2,"",8.3,"",13.7,"",.0,"8",38.9,"",8.7,"","09","",0,"",0,12,0
"252150270","BABIMOST","2019","10",24.7,"",16.0,"",-6.8,"",5.6,"",9.8,"",.0,"8",20.7,"",4.3,"","09","",0,"",0,10,0
"252150270","BABIMOST","2019","11",14.5,"",9.6,"",-6.4,"",2.6,"",5.9,"",.0,"8",38.0,"",8.4,"","09","",0,"",0,13,0
"252160230","WIELICHOWO","2019","01",7.9,"",2.6,"",-8.8,"",-2.6,"",.0,"",-10.1,"",61.0,"",9.9,"","13","",2,"",7,9,13
"252160230","WIELICHOWO","2019","02",15.5,"",8.2,"",-6.2,"",-.5,"",3.2,"",-8.0,"",17.0,"",6.4,"","03","",1,"",1,8,2
"252160230","WIELICHOWO","2019","03",20.6,"",11.4,"",-3.4,"",2.2,"",6.3,"",-6.0,"",47.9,"",13.4,"","09","",0,"",0,17,1
"252160230","WIELICHOWO","2019","04",28.6,"",17.5,"",-3.8,"",3.4,"",10.2,"",-7.0,"",8.5,"",5.0,"","13","",0,"",0,4,0
"252160230","WIELICHOWO","2019","05",24.3,"",17.6,"",-1.8,"",6.2,"",12.1,"",-4.0,"",56.1,"",12.2,"","21","",0,"",0,17,0
"252160230","WIELICHOWO","2019","06",37.4,"",29.7,"",5.5,"",14.0,"",22.5,"",4.0,"",4.4,"",4.3,"","15","",0,"",0,2,0
"252160230","WIELICHOWO","2019","07",34.6,"",25.5,"",6.6,"",12.5,"",19.3,"",3.5,"",70.1,"",26.0,"","30","",0,"",0,12,0
"252160230","WIELICHOWO","2019","08",33.4,"",27.5,"",4.0,"",13.4,"",20.0,"",3.2,"",66.0,"",16.0,"","07","",0,"",0,12,0
"252160230","WIELICHOWO","2019","09",32.8,"",20.3,"",1.8,"",8.7,"",13.7,"",.5,"",52.6,"",14.5,"","25","",0,"",0,15,0
"252160230","WIELICHOWO","2019","10",24.5,"",16.7,"",-6.8,"",5.3,"",10.2,"",-8.0,"",19.2,"",4.3,"","02","",0,"",0,11,0
"252160230","WIELICHOWO","2019","11",14.7,"",10.3,"",-6.0,"",2.7,"",6.2,"",-8.0,"",46.9,"",11.4,"","13","",0,"",0,18,0
"252170210","KÓRNIK","2019","01",8.4,"",2.5,"",-8.1,"",-2.0,"",.0,"",-10.9,"",57.1,"",8.2,"","15","",2,"",5,6,18
"252170210","KÓRNIK","2019","02",15.3,"",8.3,"",-6.9,"",.3,"",3.4,"",-8.5,"",17.3,"",7.4,"","21","",2,"",3,8,2
"252170210","KÓRNIK","2019","03",19.8,"",11.4,"",-3.2,"",2.8,"",6.4,"",-6.7,"",48.1,"",14.9,"","09","",0,"",0,14,0
"252170210","KÓRNIK","2019","04",28.4,"",17.5,"",-3.2,"",3.7,"",10.1,"",-7.2,"",6.9,"",3.6,"","13","",0,"",0,2,0
"252170210","KÓRNIK","2019","05",25.4,"",17.9,"",-.5,"",7.1,"",12.5,"",-3.5,"",82.3,"",14.3,"","12","",0,"",0,16,0
"252170210","KÓRNIK","2019","06",38.0,"",29.9,"",7.2,"",14.7,"",22.6,"",5.3,"",5.6,"",3.3,"","20","",0,"",0,3,0
"252170210","KÓRNIK","2019","07",34.5,"",25.5,"",8.2,"",13.5,"",19.6,"",5.3,"",44.8,"",15.5,"","30","",0,"",0,10,0
"252170210","KÓRNIK","2019","08",32.9,"",27.5,"",5.6,"",14.5,"",20.4,"",2.9,"",48.9,"",12.5,"","20","",0,"",0,12,0
"252170210","KÓRNIK","2019","09",32.9,"",19.7,"",4.5,"",9.9,"",14.0,"",1.9,"",62.0,"",17.1,"","09","",0,"",0,15,0
"252170210","KÓRNIK","2019","10",24.1,"",16.2,"",-4.8,"",6.7,"",10.4,"",-6.6,"",16.5,"",4.0,"","09","",0,"",0,11,0
"252170210","KÓRNIK","2019","11",13.9,"",9.2,"",-6.4,"",3.5,"",6.0,"",-7.6,"",56.3,"",16.8,"","13","",0,"",0,17,0
"252180080","KO£UDA WIELKA","2019","01",8.3,"",1.8,"",-8.5,"",-2.5,"",-.5,"",-9.9,"",28.4,"",5.8,"","15","",2,"",4,6,13
"252180080","KO£UDA WIELKA","2019","02",12.1,"",6.6,"",-5.7,"",-.2,"",2.6,"",-6.6,"",28.4,"",11.3,"","03","",8,"",5,7,3
"252180080","KO£UDA WIELKA","2019","03",19.3,"",11.0,"",-4.5,"",3.0,"",6.1,"",-8.9,"",32.6,"",7.5,"","10","",0,"",0,14,0
"252180080","KO£UDA WIELKA","2019","04",27.4,"",17.2,"",-4.0,"",3.7,"",9.5,"",-5.9,"",7.9,"",7.7,"","28","",0,"",0,2,0
"252180080","KO£UDA WIELKA","2019","05",25.2,"",18.0,"",.2,"",8.1,"",12.6,"",-.9,"",84.5,"",14.1,"","15","",0,"",0,19,0
"252180080","KO£UDA WIELKA","2019","06",37.2,"",29.1,"",10.6,"",14.9,"",22.0,"",7.2,"",21.3,"",15.1,"","13","",0,"",0,5,0
"252180080","KO£UDA WIELKA","2019","07",33.3,"",25.1,"",8.3,"",13.3,"",18.7,"",5.9,"",25.4,"",5.4,"","27","",0,"",0,15,0
"252180080","KO£UDA WIELKA","2019","08",33.8,"",27.0,"",9.1,"",14.8,"",20.0,"",6.4,"",42.3,"",14.9,"","07","",0,"",0,12,0
"252180080","KO£UDA WIELKA","2019","09",33.8,"",19.5,"",5.0,"",10.2,"",13.7,"",3.0,"",70.0,"",10.0,"","17","",0,"",0,18,0
"252180080","KO£UDA WIELKA","2019","10",23.3,"",15.6,"",-2.0,"",6.8,"",10.2,"",-6.4,"",19.6,"",3.7,"","09","",0,"",0,15,0
"252180080","KO£UDA WIELKA","2019","11",14.2,"",8.8,"",-3.0,"",3.6,"",5.9,"",-5.9,"",40.1,"",15.3,"","13","",0,"",0,19,0
"252200120","LEGIONOWO","2019","01",6.4,"",.6,"",-13.5,"",-4.3,"",-2.1,"",-14.7,"",40.4,"",6.4,"","01","",10,"",16,4,17
"252200120","LEGIONOWO","2019","02",13.7,"",6.9,"",-7.7,"",.4,"",3.0,"",-8.9,"",24.8,"",10.9,"","21","",6,"",8,6,4
"252200120","LEGIONOWO","2019","03",16.4,"",10.5,"",-3.5,"",2.5,"",5.8,"",-4.8,"",31.8,"",7.7,"","10","",0,"",0,9,4
"252200120","LEGIONOWO","2019","04",28.4,"",16.8,"",-2.4,"",4.1,"",10.1,"",-4.0,"",1.5,"",.8,"","21","",0,"",0,2,0
"252200120","LEGIONOWO","2019","05",26.2,"",18.7,"",-.2,"",8.7,"",13.6,"",-2.9,"",94.1,"",17.2,"","18","",0,"",0,18,0
"252200120","LEGIONOWO","2019","06",35.8,"",29.4,"",11.3,"",16.0,"",23.0,"",9.6,"",6.0,"",5.2,"","13","",0,"",0,3,0
"252200120","LEGIONOWO","2019","07",33.4,"",25.1,"",9.0,"",14.0,"",19.5,"",8.2,"",41.4,"",11.5,"","30","",0,"",0,13,0
"252200120","LEGIONOWO","2019","08",32.7,"",27.1,"",7.7,"",14.4,"",20.6,"",6.1,"",43.6,"",31.2,"","20","",0,"",0,12,0
"252200120","LEGIONOWO","2019","09",31.0,"",20.0,"",2.1,"",10.2,"",14.3,"",1.2,"",77.8,"",14.9,"","08","",0,"",0,14,0
"252200120","LEGIONOWO","2019","10",24.2,"",16.0,"",-3.0,"",7.1,"",10.6,"",-4.6,"",20.3,"",7.0,"","02","",0,"",0,13,0
"252200120","LEGIONOWO","2019","11",17.6,"",9.5,"",-2.9,"",3.5,"",6.1,"",-4.5,"",14.5,"",4.9,"","12","",0,"",0,11,0
"252200150","WARSZAWA-BIELANY","2019","01",7.0,"",1.1,"",-11.9,"",-3.8,"",-1.6,"",-17.5,"",45.3,"",6.6,"","13","",15,"",17,4,17
"252200150","WARSZAWA-BIELANY","2019","02",13.7,"",7.3,"",-7.3,"",.9,"",3.5,"",-8.4,"",31.1,"",12.7,"","21","",5,"",7,5,5
"252200150","WARSZAWA-BIELANY","2019","03",16.7,"",10.9,"",-2.2,"",3.1,"",6.4,"",-7.1,"",34.1,"",9.1,"","10","",0,"",0,11,2
"252200150","WARSZAWA-BIELANY","2019","04",28.6,"",16.9,"",-1.8,"",4.7,"",10.4,"",-6.0,"",3.3,"",1.1,"","16","",0,"",0,4,1
"252200150","WARSZAWA-BIELANY","2019","05",26.0,"",18.6,"",.8,"",9.1,"",13.7,"",-3.5,"",95.3,"",22.5,"","17","",0,"",0,19,0
"252200150","WARSZAWA-BIELANY","2019","06",36.0,"",29.3,"",12.6,"",17.0,"",23.1,"",8.8,"",7.7,"",6.0,"","13","",0,"",0,5,0
"252200150","WARSZAWA-BIELANY","2019","07",33.3,"",24.9,"",10.0,"",14.3,"",19.3,"",5.7,"",82.3,"",37.1,"","29","",0,"",0,18,0
"252200150","WARSZAWA-BIELANY","2019","08",31.9,"",26.6,"",9.6,"",15.4,"",20.7,"",6.1,"",51.9,"",18.5,"","20","",0,"",0,12,0
"252200150","WARSZAWA-BIELANY","2019","09",30.0,"",19.9,"",4.0,"",10.9,"",14.7,"",1.4,"",67.4,"",14.5,"","08","",0,"",0,15,0
"252200150","WARSZAWA-BIELANY","2019","10",24.1,"",16.3,"",-.7,"",7.7,"",11.2,"",-5.1,"",28.5,"",10.3,"","09","",0,"",0,11,0
"252200150","WARSZAWA-BIELANY","2019","11",17.2,"",9.9,"",-1.6,"",4.0,"",6.5,"",-6.0,"",14.3,"",4.0,"","12","",0,"",0,12,0
"252200230","WARSZAWA-FILTRY","2019","01",6.5,"",.5,"",-10.9,"",-3.8,"",-1.8,"",.0,"8",42.2,"",6.4,"","01","",0,"",0,4,17
"252200230","WARSZAWA-FILTRY","2019","02",14.1,"",7.2,"",-6.0,"",.7,"",3.3,"",-7.3,"",34.5,"",15.0,"","21","",0,"",0,5,5
"252200230","WARSZAWA-FILTRY","2019","03",17.0,"",10.9,"",-3.4,"",2.9,"",6.2,"",-6.0,"",34.7,"",10.9,"","10","",0,"",0,10,2
"252200230","WARSZAWA-FILTRY","2019","04",29.0,"",17.0,"",-.5,"",5.7,"",10.8,"",-3.1,"",3.0,"",1.1,"","16","",0,"",0,4,1
"252200230","WARSZAWA-FILTRY","2019","05",26.8,"",19.2,"",3.4,"",9.8,"",14.1,"",-1.5,"",86.5,"",16.0,"","17","",0,"",0,18,0
"252200230","WARSZAWA-FILTRY","2019","06",36.7,"",30.1,"",13.5,"",17.5,"",23.8,"",11.0,"",14.6,"",6.4,"","13","",0,"",0,5,0
"252200230","WARSZAWA-FILTRY","2019","07",33.8,"",25.5,"",11.0,"",15.1,"",20.0,"",8.4,"",38.6,"",10.7,"","09","",0,"",0,14,0
"252200230","WARSZAWA-FILTRY","2019","08",33.8,"",27.9,"",10.3,"",16.1,"",21.5,"",7.6,"",38.9,"",20.3,"","20","",0,"",0,11,0
"252200230","WARSZAWA-FILTRY","2019","09",31.7,"",20.5,"",5.1,"",11.1,"",15.0,"",4.1,"",76.6,"",15.0,"","30","",0,"",0,15,0
"252200230","WARSZAWA-FILTRY","2019","10",24.6,"",16.5,"",-.1,"",7.9,"",11.3,"",-2.3,"",20.1,"",6.8,"","09","",0,"",0,10,0
"252200230","WARSZAWA-FILTRY","2019","11",17.0,"",9.7,"",-1.9,"",4.1,"",6.4,"",-4.7,"",16.1,"",3.7,"","10","",0,"",0,10,0
"252210050","PU£TUSK","2019","01",6.5,"",.0,"",-13.4,"",-5.0,"",-2.6,"",-14.5,"",34.0,"",7.0,"","13","",9,"",17,5,15
"252210050","PU£TUSK","2019","02",12.0,"",5.7,"",-8.0,"",-.5,"",2.1,"",-11.4,"",26.7,"",11.0,"","21","",3,"",5,3,4
"252210050","PU£TUSK","2019","03",15.5,"",9.8,"",-4.5,"",1.2,"",5.1,"",-6.9,"",30.7,"",9.5,"","09","",1,"",1,8,1
"252210050","PU£TUSK","2019","04",27.3,"",16.5,"",-4.0,"",2.5,"",9.5,"",-9.4,"",1.1,"",.8,"","28","",0,"",0,2,0
"252210050","PU£TUSK","2019","05",25.8,"",18.4,"",-2.1,"",7.5,"",13.1,"",-5.9,"",70.8,"",15.0,"","18","",0,"",0,17,0
"252210050","PU£TUSK","2019","06",35.3,"",28.4,"",8.9,"",13.9,"",21.7,"",6.7,"",37.0,"",27.8,"","13","",0,"",0,4,0
"252210050","PU£TUSK","2019","07",33.3,"",24.8,"",5.9,"",11.6,"",18.5,"",2.9,"",92.3,"",40.0,"","28","",0,"",0,12,0
"252210050","PU£TUSK","2019","08",31.3,"",26.2,"",6.4,"",12.4,"",19.4,"",5.2,"",57.1,"",17.0,"","07","20",0,"",0,7,0
"252210050","PU£TUSK","2019","09",29.8,"",19.6,"",-.1,"",8.8,"",13.8,"",-1.5,"",55.3,"",19.5,"","08","",0,"",0,12,0
"252210050","PU£TUSK","2019","10",23.3,"",15.5,"",-4.0,"",5.2,"",9.7,"",-5.9,"",18.3,"",7.8,"","02","",0,"",0,7,0
"252210050","PU£TUSK","2019","11",17.3,"",8.9,"",-3.5,"",2.3,"",5.4,"",-5.9,"",20.3,"",7.3,"","13","",0,"",0,12,0
"252210170","WARSZAWA-OBSERWATORIUM II","2019","01",6.3,"",.3,"",-10.9,"",-3.9,"",-2.0,"",.0,"8",.0,"8",.0,"8","15","",0,"",0,0,0
"252210170","WARSZAWA-OBSERWATORIUM II","2019","02",13.1,"",6.6,"",-6.8,"",.4,"",3.0,"",.0,"8",.0,"8",.0,"8","21","",0,"",0,0,0
"252210170","WARSZAWA-OBSERWATORIUM II","2019","03",16.5,"",10.5,"",-3.3,"",2.8,"",6.0,"",.0,"8",.0,"8",.0,"8","10","",0,"",0,0,0
"252210170","WARSZAWA-OBSERWATORIUM II","2019","04",27.6,"",16.4,"",-.8,"",5.0,"",10.2,"",.0,"8",.0,"8",.0,"8","13","",0,"",0,0,0
"252210170","WARSZAWA-OBSERWATORIUM II","2019","05",25.7,"",18.3,"",2.1,"",9.5,"",13.5,"",.0,"8",.0,"8",.0,"8","13","",0,"",0,0,0
"252210170","WARSZAWA-OBSERWATORIUM II","2019","06",34.7,"",28.5,"",13.4,"",16.7,"",22.2,"",.0,"8",.0,"8",.0,"8","13","",0,"",0,0,0
"252210170","WARSZAWA-OBSERWATORIUM II","2019","07",32.4,"",24.0,"",11.4,"",14.8,"",19.0,"",.0,"8",.0,"8",.0,"8","13","",0,"",0,0,0
"252210170","WARSZAWA-OBSERWATORIUM II","2019","08",31.6,"",26.2,"",10.6,"",15.3,"",20.1,"",.0,"8",.0,"8",.0,"8","10","",0,"",0,0,0
"252210170","WARSZAWA-OBSERWATORIUM II","2019","09",29.5,"",19.0,"",4.6,"",10.9,"",14.2,"",.0,"8",.0,"8",.0,"8","09","",0,"",0,0,0
"252210170","WARSZAWA-OBSERWATORIUM II","2019","10",22.2,"",15.1,"",.4,"",7.6,"",10.6,"",.0,"8",.0,"8",.0,"8","02","",0,"",0,0,0
"252210170","WARSZAWA-OBSERWATORIUM II","2019","11",16.9,"",9.1,"",-2.0,"",3.8,"",6.0,"",.0,"8",.0,"8",.0,"8","10","",0,"",0,0,0
"252220030","SZEPIETOWO","2019","01",5.9,"",-1.1,"",-17.0,"",-5.5,"",-3.5,"",-24.0,"",39.8,"",6.6,"","13","",9,"",22,5,18
"252220030","SZEPIETOWO","2019","02",11.0,"",4.8,"",-8.0,"",-.2,"",1.9,"",-12.0,"",10.2,"",3.3,"","03","",10,"",7,3,6
"252220030","SZEPIETOWO","2019","03",16.5,"",8.9,"",-4.5,"",1.4,"",4.5,"",-7.0,"",38.2,"",9.5,"","09","",1,"",2,12,2
"252220030","SZEPIETOWO","2019","04",24.9,"",15.2,"",-4.0,"",2.8,"",8.7,"",-10.0,"",13.8,"",7.4,"","21","",0,"",0,3,0
"252220030","SZEPIETOWO","2019","05",24.9,"",18.1,"",-.5,"",8.0,"",13.0,"",-6.5,"",97.2,"",34.2,"","18","",0,"",0,17,0
"252220030","SZEPIETOWO","2019","06",33.3,"",27.0,"",9.3,"",13.9,"",20.7,"",4.8,"",28.4,"",10.9,"","13","",0,"",0,6,0
"252220030","SZEPIETOWO","2019","07",31.3,"",23.5,"",7.4,"",12.2,"",18.0,"",2.9,"",49.0,"",21.3,"","21","",0,"",0,16,0
"252220030","SZEPIETOWO","2019","08",31.3,"",25.1,"",7.9,"",12.7,"",18.9,"",4.8,"",71.8,"",32.8,"","20","",0,"",0,10,0
"252220030","SZEPIETOWO","2019","09",28.4,"",19.1,"",1.5,"",9.0,"",13.5,"",-2.5,"",52.7,"",11.2,"","19","",0,"",0,16,0
"252220030","SZEPIETOWO","2019","10",22.4,"",15.2,"",-3.0,"",6.1,"",10.0,"",-6.0,"",18.5,"",13.5,"","09","",0,"",0,8,0
"252220030","SZEPIETOWO","2019","11",15.5,"",8.2,"",-3.5,"",3.3,"",5.4,"",-4.0,"",21.0,"",5.6,"","10","",0,"",0,15,1
"252230120","BIA£OWIE¯A","2019","01",4.8,"",-1.9,"",-15.5,"",-6.5,"",-4.3,"",-20.9,"",63.8,"",16.0,"","15","",27,"",29,2,23
"252230120","BIA£OWIE¯A","2019","02",11.0,"",4.6,"",-10.1,"",-.6,"",1.5,"",-12.1,"",9.3,"",2.0,"","11","13",17,"",15,8,3
"252230120","BIA£OWIE¯A","2019","03",17.4,"",8.4,"",-7.0,"",.2,"",3.7,"",-9.3,"",43.9,"",9.0,"","09","",4,"",2,12,4
"252230120","BIA£OWIE¯A","2019","04",25.8,"",15.5,"",-6.6,"",1.3,"",8.3,"",-9.3,"",13.6,"",5.5,"","27","",0,"",0,6,0
"252230120","BIA£OWIE¯A","2019","05",26.2,"",18.5,"",-3.1,"",7.3,"",13.1,"",-6.3,"",50.3,"",15.7,"","15","",0,"",0,14,0
"252230120","BIA£OWIE¯A","2019","06",32.8,"",27.5,"",7.4,"",13.1,"",21.0,"",4.4,"",29.3,"",19.2,"","20","",0,"",0,6,0
"252230120","BIA£OWIE¯A","2019","07",32.6,"",23.3,"",6.2,"",11.5,"",17.6,"",2.4,"",51.6,"",12.1,"","21","",0,"",0,15,0
"252230120","BIA£OWIE¯A","2019","08",30.9,"",25.0,"",5.9,"",11.1,"",17.9,"",4.1,"",42.3,"",17.5,"","19","",0,"",0,9,0
"252230120","BIA£OWIE¯A","2019","09",28.3,"",19.0,"",-2.7,"",7.5,"",12.5,"",-5.4,"",54.6,"",19.3,"","30","",0,"",0,16,0
"252230120","BIA£OWIE¯A","2019","10",23.2,"",15.3,"",-5.2,"",5.4,"",9.3,"",-5.3,"",18.5,"",8.8,"","09","",0,"",0,9,0
"252230120","BIA£OWIE¯A","2019","11",16.4,"",7.6,"",-5.0,"",3.2,"",5.2,"",-5.0,"",42.3,"",18.5,"","10","",0,"",0,12,0
"253140060","GOLENIÓW","2019","01",7.8,"",2.9,"",-8.3,"",-1.2,"",.8,"",.0,"8",49.3,"",13.2,"","08","",1,"",3,6,15
"253140060","GOLENIÓW","2019","02",15.9,"",7.7,"",-5.0,"",.3,"",3.5,"",.0,"8",27.0,"",9.1,"","10","",1,"",1,7,6
"253140060","GOLENIÓW","2019","03",17.5,"",10.1,"",-5.0,"",2.6,"",6.0,"",.0,"8",33.0,"",6.8,"","09","",0,"",0,16,1
"253140060","GOLENIÓW","2019","04",28.1,"",16.9,"",-5.2,"",3.3,"",9.8,"",.0,"8",15.4,"",11.8,"","26","",0,"",0,7,0
"253140060","GOLENIÓW","2019","05",25.9,"",17.0,"",-2.4,"",6.2,"",11.9,"",.0,"8",76.1,"",25.3,"","09","",0,"",0,16,0
"253140060","GOLENIÓW","2019","06",35.5,"",27.6,"",8.7,"",14.3,"",21.2,"",.0,"8",90.3,"",24.1,"","15","",0,"",0,8,0
"253140060","GOLENIÓW","2019","07",33.2,"",24.2,"",7.3,"",12.9,"",18.6,"",.0,"8",40.3,"",15.4,"","13","",0,"",0,13,0
"253140060","GOLENIÓW","2019","08",33.6,"",26.1,"",7.8,"",13.4,"",19.7,"",.0,"8",24.9,"",7.0,"","06","",0,"",0,10,0
"253140060","GOLENIÓW","2019","09",30.7,"",18.6,"",4.8,"",10.2,"",13.8,"",.0,"8",103.1,"",21.9,"","30","",0,"",0,17,0
"253140060","GOLENIÓW","2019","10",21.2,"",14.5,"",-3.5,"",6.5,"",9.8,"",.0,"8",39.1,"",12.2,"","01","",0,"",0,14,0
"253140060","GOLENIÓW","2019","11",12.3,"",8.3,"",-4.7,"",3.4,"",5.6,"",.0,"8",55.0,"",22.6,"","04","",0,"",0,14,0
"253170210","CHRZ¥STOWO","2019","01",7.4,"",1.7,"",-9.2,"",-2.4,"",-.6,"",-10.8,"",27.6,"",4.7,"","17","",1,"",1,6,13
"253170210","CHRZ¥STOWO","2019","02",13.1,"",6.7,"",-5.6,"",-.5,"",2.5,"",-10.1,"",16.5,"",4.6,"","21","",2,"",3,10,1
"253170210","CHRZ¥STOWO","2019","03",18.0,"",10.0,"",-4.9,"",2.2,"",5.4,"",-9.6,"",30.8,"",9.0,"","09","",0,"",0,14,0
"253170210","CHRZ¥STOWO","2019","04",26.8,"",16.2,"",-3.6,"",3.5,"",9.4,"",-9.7,"",3.1,"",3.0,"","28","",0,"",0,2,0
"253170210","CHRZ¥STOWO","2019","05",23.4,"",17.0,"",-1.9,"",7.4,"",11.9,"",-7.2,"",72.2,"",20.2,"","12","",0,"",0,20,0
"253170210","CHRZ¥STOWO","2019","06",37.0,"",28.5,"",9.2,"",14.9,"",21.7,"",3.4,"",17.5,"",6.0,"","13","",0,"",0,7,0
"253170210","CHRZ¥STOWO","2019","07",33.5,"",25.4,"",7.1,"",12.7,"",19.0,"",3.6,"",24.4,"",6.5,"","05","",0,"",0,13,0
"253170210","CHRZ¥STOWO","2019","08",33.2,"",26.6,"",9.4,"",14.7,"",20.1,"",3.7,"",43.5,"",24.6,"","28","",0,"",0,11,0
"253170210","CHRZ¥STOWO","2019","09",33.8,"",18.6,"",5.2,"",10.2,"",13.7,"",1.8,"",83.6,"",15.8,"","30","",0,"",0,14,0
"253170210","CHRZ¥STOWO","2019","10",21.5,"",14.2,"",-1.6,"",7.0,"",10.0,"",-7.0,"",31.4,"",10.2,"","16","",0,"",0,14,0
"253170210","CHRZ¥STOWO","2019","11",12.4,"",8.0,"",-3.0,"",3.4,"",5.4,"",-7.1,"",66.0,"",16.8,"","03","",0,"",0,18,0
"253220070","BIEBRZA-PIEÑCZYKÓWEK","2019","01",6.2,"",-.8,"",-19.1,"",-7.1,"",-4.0,"",-23.2,"",54.0,"",13.8,"","15","",23,"",30,3,17
"253220070","BIEBRZA-PIEÑCZYKÓWEK","2019","02",11.8,"",5.1,"",-8.3,"",-.7,"",1.7,"",-12.8,"",20.2,"",6.4,"","04","",15,"",10,5,7
"253220070","BIEBRZA-PIEÑCZYKÓWEK","2019","03",17.3,"",8.9,"",-8.6,"",-.3,"",3.7,"",-12.9,"",38.9,"",7.1,"","09","",0,"",0,16,2
"253220070","BIEBRZA-PIEÑCZYKÓWEK","2019","04",26.9,"",15.8,"",-8.1,"",.5,"",8.0,"",-11.7,"",2.0,"",.9,"","21","28",0,"",0,3,0
"253220070","BIEBRZA-PIEÑCZYKÓWEK","2019","05",25.7,"",18.3,"",-5.5,"",5.9,"",12.3,"",-9.5,"",87.2,"",23.0,"","28","",0,"",0,16,0
"253220070","BIEBRZA-PIEÑCZYKÓWEK","2019","06",32.1,"",26.9,"",4.5,"",12.1,"",20.2,"",1.3,"",81.5,"",34.0,"","20","",0,"",0,10,0
"253220070","BIEBRZA-PIEÑCZYKÓWEK","2019","07",31.0,"",23.1,"",5.0,"",10.3,"",17.0,"",.6,"",43.8,"",7.9,"","30","",0,"",0,18,0
"253220070","BIEBRZA-PIEÑCZYKÓWEK","2019","08",29.9,"",24.5,"",3.0,"",8.6,"",16.9,"",-.5,"",39.8,"",10.7,"","28","",0,"",0,12,0
"253220070","BIEBRZA-PIEÑCZYKÓWEK","2019","09",28.1,"",19.0,"",-2.3,"",6.5,"",12.3,"",-7.1,"",43.2,"",13.2,"","27","",0,"",0,14,0
"253220070","BIEBRZA-PIEÑCZYKÓWEK","2019","10",21.8,"",14.7,"",-7.1,"",3.6,"",8.8,"",-10.5,"",35.7,"",8.8,"","02","",0,"",0,11,0
"253220070","BIEBRZA-PIEÑCZYKÓWEK","2019","11",15.0,"",7.9,"",-5.2,"",2.2,"",5.0,"",-6.2,"",19.5,"",5.2,"","10","",0,"",0,14,0
"253220330","MARIANOWO II","2019","01",6.3,"",-.8,"",-16.9,"",-5.3,"",-3.1,"",-18.8,"",44.7,"",7.3,"","04","",16,"",28,4,20
"253220330","MARIANOWO II","2019","02",11.3,"",5.3,"",-7.1,"",.2,"",2.3,"",-8.5,"",15.9,"",10.2,"","03","",13,"",12,2,7
"253220330","MARIANOWO II","2019","03",15.6,"",9.0,"",-4.9,"",1.7,"",4.8,"",-6.5,"",23.4,"",6.5,"","09","",0,"",0,10,3
"253220330","MARIANOWO II","2019","04",26.0,"",15.0,"",-4.3,"",3.2,"",8.9,"",-7.1,"",3.7,"",3.2,"","21","",0,"",0,3,0
"253220330","MARIANOWO II","2019","05",25.7,"",17.7,"",-2.7,"",7.5,"",12.7,"",-6.5,"",116.0,"",27.0,"","20","",0,"",0,16,0
"253220330","MARIANOWO II","2019","06",33.0,"",26.5,"",8.4,"",14.2,"",20.7,"",5.5,"",35.1,"",9.3,"","13","",0,"",0,8,0
"253220330","MARIANOWO II","2019","07",29.9,"",22.9,"",6.8,"",11.7,"",17.6,"",2.7,"",106.7,"",57.3,"","30","",0,"",0,17,0
"253220330","MARIANOWO II","2019","08",30.3,"",24.3,"",6.9,"",12.6,"",18.4,"",5.4,"",79.9,"",19.5,"","06","",0,"",0,10,0
"253220330","MARIANOWO II","2019","09",27.6,"",18.3,"",.4,"",8.7,"",13.0,"",-1.0,"",41.2,"",10.6,"","27","",0,"",0,12,0
"253220330","MARIANOWO II","2019","10",21.7,"",14.3,"",-3.6,"",6.0,"",9.5,"",-6.0,"",35.3,"",14.9,"","09","",0,"",0,13,0
"253220330","MARIANOWO II","2019","11",15.4,"",8.0,"",-3.6,"",3.1,"",5.3,"",-4.1,"",18.3,"",4.6,"","10","",0,"",0,13,0
"253230020","RÓ¯ANYSTOK","2019","01",5.0,"",-1.9,"",-17.5,"",-7.6,"",-4.5,"",-22.0,"",43.0,"",7.5,"","13","",16,"",30,3,18
"253230020","RÓ¯ANYSTOK","2019","02",9.9,"",4.3,"",-9.5,"",-1.4,"",1.4,"",-12.5,"",13.4,"",4.0,"","04","",12,"",10,4,4
"253230020","RÓ¯ANYSTOK","2019","03",15.8,"",7.7,"",-8.5,"",-.2,"",3.4,"",-12.0,"",38.1,"",6.0,"","09","",2,"",1,13,3
"253230020","RÓ¯ANYSTOK","2019","04",25.9,"",15.2,"",-4.4,"",1.5,"",8.1,"",-8.5,"",17.5,"",14.3,"","27","",0,"",0,3,0
"253230020","RÓ¯ANYSTOK","2019","05",24.9,"",17.8,"",-1.9,"",6.7,"",12.5,"",-6.5,"",66.3,"",22.0,"","15","",0,"",0,13,0
"253230020","RÓ¯ANYSTOK","2019","06",33.4,"",27.4,"",6.0,"",13.2,"",20.7,"",4.0,"",16.0,"",3.7,"","06","",0,"",0,8,0
"253230020","RÓ¯ANYSTOK","2019","07",32.9,"",23.5,"",6.5,"",11.0,"",17.4,"",5.5,"",59.1,"",11.7,"","10","",0,"",0,16,0
"253230020","RÓ¯ANYSTOK","2019","08",30.4,"",25.1,"",7.5,"",11.7,"",18.4,"",5.9,"",56.0,"",33.0,"","20","",0,"",0,9,0
"253230020","RÓ¯ANYSTOK","2019","09",28.9,"",19.0,"",-.8,"",7.5,"",12.9,"",-5.0,"",40.2,"",8.0,"","28","",0,"",0,13,0
"253230020","RÓ¯ANYSTOK","2019","10",21.3,"",14.4,"",-6.5,"",5.1,"",9.4,"",-8.0,"",30.4,"",9.5,"","02","",0,"",0,13,0
"253230020","RÓ¯ANYSTOK","2019","11",15.1,"",7.5,"",-6.5,"",2.1,"",4.9,"",-6.5,"",19.3,"",6.3,"","10","",0,"",0,15,1
"254170210","BORUCINO","2019","01",6.6,"",1.0,"",-12.0,"",-3.0,"",-1.1,"",-16.3,"",72.8,"",16.3,"","01","",15,"",26,4,19
"254170210","BORUCINO","2019","02",12.8,"",5.6,"",-8.0,"",-.3,"",2.3,"",-12.0,"",36.6,"",13.8,"","21","",4,"",7,8,5
"254170210","BORUCINO","2019","03",16.4,"",8.4,"",-5.5,"",1.4,"",4.4,"",-9.1,"",72.5,"",15.3,"","15","",1,"",1,14,5
"254170210","BORUCINO","2019","04",25.6,"",14.2,"",-3.0,"",2.7,"",8.1,"",-9.1,"",4.1,"",3.0,"","28","",0,"",0,3,2
"254170210","BORUCINO","2019","05",23.4,"",15.6,"",-.9,"",7.3,"",11.3,"",-7.5,"",52.6,"",12.1,"","17","",0,"",0,16,1
"254170210","BORUCINO","2019","06",33.9,"",26.4,"",8.9,"",14.5,"",20.3,"",3.6,"",91.9,"",40.1,"","10","",0,"",0,10,0
"254170210","BORUCINO","2019","07",30.4,"",21.5,"",8.0,"",13.0,"",17.0,"",3.6,"",101.0,"",22.5,"","09","",0,"",0,13,0
"254170210","BORUCINO","2019","08",30.2,"",24.0,"",10.0,"",14.1,"",18.6,"",5.3,"",44.6,"",14.7,"","10","",0,"",0,13,0
"254170210","BORUCINO","2019","09",30.4,"",17.4,"",4.3,"",10.3,"",13.3,"",.2,"",105.4,"",23.2,"","10","",0,"",0,15,0
"254170210","BORUCINO","2019","10",19.6,"",13.0,"",-.1,"",7.0,"",9.5,"",-4.5,"",44.9,"",10.4,"","16","",0,"",0,19,0
"254170210","BORUCINO","2019","11",11.2,"",7.2,"",-1.2,"",3.1,"",5.0,"",-4.4,"",62.7,"",18.5,"","13","",0,"",0,15,2
"254180090","GDAÑSK-RÊBIECHOWO","2019","01",6.2,"",.8,"",-12.3,"",-3.3,"",-1.3,"",.0,"8",43.6,"",13.2,"","01","",10,"",24,2,20
"254180090","GDAÑSK-RÊBIECHOWO","2019","02",13.5,"",5.5,"",-9.7,"",-.1,"",2.3,"",.0,"8",25.3,"",12.5,"","21","",5,"",9,6,6
"254180090","GDAÑSK-RÊBIECHOWO","2019","03",17.2,"",8.9,"",-6.2,"",1.1,"",4.5,"",.0,"8",49.3,"",13.4,"","05","",2,"",3,10,8
"254180090","GDAÑSK-RÊBIECHOWO","2019","04",24.5,"",13.5,"",-3.4,"",2.5,"",7.8,"",.0,"8",5.9,"",2.5,"","27","",1,"",1,2,2
"254180090","GDAÑSK-RÊBIECHOWO","2019","05",23.3,"",15.1,"",-1.3,"",7.2,"",11.0,"",.0,"8",93.7,"",15.8,"","20","",0,"",0,16,0
"254180090","GDAÑSK-RÊBIECHOWO","2019","06",34.6,"",25.8,"",7.6,"",13.8,"",19.9,"",.0,"8",107.0,"",50.8,"","10","",0,"",0,8,0
"254180090","GDAÑSK-RÊBIECHOWO","2019","07",31.5,"",20.4,"",8.2,"",12.7,"",16.5,"",.0,"8",78.0,"",15.4,"","08","",0,"",0,13,0
"254180090","GDAÑSK-RÊBIECHOWO","2019","08",30.9,"",24.2,"",9.0,"",13.3,"",18.4,"",.0,"8",16.9,"",3.0,"","10","",0,"",0,13,0
"254180090","GDAÑSK-RÊBIECHOWO","2019","09",30.7,"",17.8,"",4.5,"",9.9,"",13.2,"",.0,"8",72.7,"",18.7,"","17","",0,"",0,16,0
"254180090","GDAÑSK-RÊBIECHOWO","2019","10",19.9,"",13.1,"",-1.3,"",6.7,"",9.4,"",.0,"8",57.1,"",14.9,"","04","",0,"",0,19,0
"254180090","GDAÑSK-RÊBIECHOWO","2019","11",10.4,"",6.8,"",-2.1,"",2.7,"",4.6,"",.0,"8",55.5,"",23.4,"","13","",0,"",0,14,1
"254200080","LIDZBARK WARMIÑSKI","2019","01",6.3,"",.2,"",-16.0,"",-5.9,"",-2.6,"",-17.0,"",52.8,"",9.6,"","01","",12,"",27,4,20
"254200080","LIDZBARK WARMIÑSKI","2019","02",11.7,"",5.1,"",-9.5,"",-1.0,"",2.0,"",-14.0,"",33.4,"",13.0,"","03","",12,"",12,10,6
"254200080","LIDZBARK WARMIÑSKI","2019","03",15.8,"",8.5,"",-4.6,"",.4,"",4.3,"",-6.7,"",53.6,"",9.1,"","05","",1,"",1,12,7
"254200080","LIDZBARK WARMIÑSKI","2019","04",27.1,"",15.3,"",-7.0,"",.1,"",8.0,"",-9.5,"",4.7,"",3.6,"","28","",0,"",0,2,0
"254200080","LIDZBARK WARMIÑSKI","2019","05",26.1,"",16.7,"",-3.6,"",6.3,"",11.8,"",-6.0,"",74.5,"",13.7,"","28","",0,"",0,18,0
"254200080","LIDZBARK WARMIÑSKI","2019","06",33.6,"",26.4,"",5.8,"",12.1,"",20.0,"",2.9,"",83.9,"",34.4,"","13","",0,"",0,9,0
"254200080","LIDZBARK WARMIÑSKI","2019","07",31.6,"",22.3,"",5.8,"",10.8,"",16.8,"",3.4,"",55.1,"",14.8,"","09","",0,"",0,15,0
"254200080","LIDZBARK WARMIÑSKI","2019","08",31.1,"",24.7,"",6.3,"",11.1,"",18.0,"",2.9,"",55.0,"",15.6,"","07","",0,"",0,14,0
"254200080","LIDZBARK WARMIÑSKI","2019","09",28.6,"",18.6,"",-1.1,"",8.7,"",13.4,"",-3.0,"",98.8,"",19.7,"","17","",0,"",0,15,0
"254200080","LIDZBARK WARMIÑSKI","2019","10",21.7,"",14.0,"",-4.6,"",5.6,"",9.5,"",-6.0,"",46.4,"",14.1,"","02","",0,"",0,15,0
"254200080","LIDZBARK WARMIÑSKI","2019","11",13.7,"",8.0,"",-3.6,"",1.8,"",5.1,"",-5.0,"",30.9,"",8.1,"","13","",0,"",0,13,2
"254220090","OLECKO","2019","01",4.8,"",-1.6,"",-17.9,"",-7.0,"",-4.3,"",-21.0,"",41.6,"",7.8,"","01","",22,"",29,1,22
"254220090","OLECKO","2019","02",14.1,"",4.5,"",-7.7,"",-.8,"",1.4,"",-8.9,"",24.4,"",12.8,"","03","",26,"",15,5,3
"254220090","OLECKO","2019","03",15.1,"",8.1,"",-8.5,"",.1,"",3.5,"",-11.5,"",50.8,"",8.7,"","15","",0,"",0,12,4
"254220090","OLECKO","2019","04",26.4,"",15.7,"",-3.3,"",3.6,"",9.3,"",-6.0,"",5.1,"",2.6,"","21","",0,"",0,2,0
"254220090","OLECKO","2019","05",25.7,"",18.0,"",-.4,"",8.0,"",12.9,"",-5.0,"",82.0,"",17.8,"","18","",0,"",0,19,0
"254220090","OLECKO","2019","06",32.3,"",26.6,"",8.8,"",14.8,"",20.9,"",6.4,"",53.1,"",23.5,"","15","",0,"",0,7,0
"254220090","OLECKO","2019","07",31.2,"",22.2,"",8.5,"",12.8,"",17.4,"",6.4,"",62.0,"",18.7,"","08","",0,"",0,15,0
"254220090","OLECKO","2019","08",30.2,"",24.2,"",8.5,"",13.2,"",18.5,"",6.8,"",69.0,"",23.5,"","29","",0,"",0,9,0
"254220090","OLECKO","2019","09",27.7,"",18.5,"",.8,"",9.0,"",13.2,"",.2,"",62.3,"",12.6,"","30","",0,"",0,16,0
"254220090","OLECKO","2019","10",21.8,"",13.6,"",-4.9,"",5.9,"",9.2,"",-5.3,"",34.1,"",8.9,"","02","",0,"",0,14,0
"254220090","OLECKO","2019","11",13.5,"",7.0,"",-5.1,"",2.6,"",4.7,"",-4.7,"",18.8,"",3.5,"","30","",0,"",0,14,1
