"249180010","PSZCZYNA","2017","01",-5.7,"",.0,"8",.8,"",4.7,""
"249180010","PSZCZYNA","2017","02",.3,"",.0,"8",1.0,"",6.1,""
"249180010","PSZCZYNA","2017","03",6.1,"",.0,"8",.8,"",5.2,""
"249180010","PSZCZYNA","2017","04",7.4,"",.0,"8",1.1,"",5.8,""
"249180010","PSZCZYNA","2017","05",14.0,"",.0,"8",.5,"",4.8,""
"249180010","PSZCZYNA","2017","06",18.8,"",.0,"8",1.0,"",3.6,""
"249180010","PSZCZYNA","2017","07",19.3,"",.0,"8",.6,"",4.5,""
"249180010","PSZCZYNA","2017","08",19.8,"",.0,"8",.5,"",3.7,""
"249180010","PSZCZYNA","2017","09",13.4,"",.0,"8",.5,"",5.6,""
"249180010","PSZCZYNA","2017","10",9.8,"",.0,"8",.9,"",5.6,""
"249180010","PSZCZYNA","2017","11",4.5,"",.0,"8",.6,"",5.8,""
"249180010","PSZCZYNA","2017","12",1.8,"",.0,"8",1.2,"",6.3,""
"249180160","BRENNA","2017","01",-5.0,"",.0,"8",2.4,"",4.5,""
"249180160","BRENNA","2017","02",.9,"",.0,"8",2.0,"",6.2,""
"249180160","BRENNA","2017","03",6.0,"",.0,"8",2.4,"",5.4,""
"249180160","BRENNA","2017","04",7.0,"",.0,"8",2.5,"",6.0,""
"249180160","BRENNA","2017","05",13.7,"",.0,"8",1.7,"",4.9,""
"249180160","BRENNA","2017","06",18.3,"",.0,"8",2.0,"",3.9,""
"249180160","BRENNA","2017","07",18.7,"",.0,"8",1.8,"",4.9,""
"249180160","BRENNA","2017","08",19.2,"",.0,"8",1.5,"",3.9,""
"249180160","BRENNA","2017","09",13.0,"",.0,"8",1.9,"",6.0,""
"249180160","BRENNA","2017","10",10.2,"",.0,"8",2.2,"",5.4,""
"249180160","BRENNA","2017","11",4.9,"",.0,"8",2.3,"",5.9,""
"249180160","BRENNA","2017","12",2.6,"",.0,"8",2.9,"",6.2,""
"249190350","ZAWOJA","2017","01",-6.3,"",.0,"8",1.0,"",4.4,""
"249190350","ZAWOJA","2017","02",-.3,"",.0,"8",1.0,"",4.6,""
"249190350","ZAWOJA","2017","03",3.9,"",.0,"8",1.3,"",5.0,""
"249190350","ZAWOJA","2017","04",4.8,"",.0,"8",1.4,"",5.7,""
"249190350","ZAWOJA","2017","05",11.9,"",.0,"8",.9,"",4.5,""
"249190350","ZAWOJA","2017","06",16.3,"",.0,"8",1.3,"",2.8,""
"249190350","ZAWOJA","2017","07",16.3,"",.0,"8",.8,"",3.6,""
"249190350","ZAWOJA","2017","08",17.1,"",.0,"8",.7,"",2.7,""
"249190350","ZAWOJA","2017","09",11.2,"",.0,"8",1.1,"",5.0,""
"249190350","ZAWOJA","2017","10",7.7,"",.0,"8",.9,"",5.4,""
"249190350","ZAWOJA","2017","11",2.5,"",.0,"8",1.2,"",5.5,""
"249190350","ZAWOJA","2017","12",.1,"",.0,"8",.0,"8",5.6,""
"249190480","LALIKI","2017","01",-6.9,"",.0,"8",2.9,"",4.7,""
"249190480","LALIKI","2017","02",-.9,"",.0,"8",2.4,"",6.0,""
"249190480","LALIKI","2017","03",3.7,"",.0,"8",2.7,"",5.1,""
"249190480","LALIKI","2017","04",4.4,"",.0,"8",1.8,"",6.3,""
"249190480","LALIKI","2017","05",12.0,"",.0,"8",1.8,"",5.0,""
"249190480","LALIKI","2017","06",16.6,"",.0,"8",2.3,"",4.0,""
"249190480","LALIKI","2017","07",16.5,"",.0,"8",1.8,"",4.7,""
"249190480","LALIKI","2017","08",17.7,"",.0,"8",1.4,"",3.5,""
"249190480","LALIKI","2017","09",11.0,"",.0,"8",2.8,"",6.3,""
"249190480","LALIKI","2017","10",7.6,"",.0,"8",3.0,"",6.0,""
"249190480","LALIKI","2017","11",1.9,"",.0,"8",2.5,"",6.1,""
"249190480","LALIKI","2017","12",-1.2,"",.0,"8",3.3,"",6.7,""
"249190520","OBIDOWA","2017","01",-7.4,"",.0,"8",3.2,"",4.8,""
"249190520","OBIDOWA","2017","02",-.8,"",.0,"8",3.1,"",4.7,""
"249190520","OBIDOWA","2017","03",3.4,"",.0,"8",3.5,"",5.7,""
"249190520","OBIDOWA","2017","04",4.2,"",.0,"8",3.4,"",6.0,""
"249190520","OBIDOWA","2017","05",11.1,"",.0,"8",2.6,"",5.0,""
"249190520","OBIDOWA","2017","06",15.7,"",.0,"8",3.2,"",3.8,""
"249190520","OBIDOWA","2017","07",16.1,"",.0,"8",2.4,"",4.5,""
"249190520","OBIDOWA","2017","08",16.9,"",.0,"8",2.4,"",4.0,""
"249190520","OBIDOWA","2017","09",10.8,"",.0,"8",.0,"8",5.6,""
"249190520","OBIDOWA","2017","10",6.8,"",.0,"8",.0,"8",5.7,""
"249190520","OBIDOWA","2017","11",1.0,"",.0,"8",3.0,"",5.8,""
"249190520","OBIDOWA","2017","12",-1.4,"",.0,"8",3.1,"",6.7,""
"249190560","JAB£ONKA","2017","01",-10.3,"",.0,"8",1.1,"",4.6,""
"249190560","JAB£ONKA","2017","02",-1.7,"",.0,"8",1.2,"",5.5,""
"249190560","JAB£ONKA","2017","03",3.4,"",.0,"8",1.7,"",5.5,""
"249190560","JAB£ONKA","2017","04",4.8,"",.0,"8",1.7,"",6.2,""
"249190560","JAB£ONKA","2017","05",11.7,"",.0,"8",1.5,"",5.0,""
"249190560","JAB£ONKA","2017","06",16.2,"",.0,"8",1.5,"",4.0,""
"249190560","JAB£ONKA","2017","07",16.3,"",.0,"8",1.1,"",4.8,""
"249190560","JAB£ONKA","2017","08",16.6,"",.0,"8",.9,"",4.3,""
"249190560","JAB£ONKA","2017","09",11.1,"",.0,"8",1.1,"",5.8,""
"249190560","JAB£ONKA","2017","10",6.9,"",.0,"8",1.2,"",5.8,""
"249190560","JAB£ONKA","2017","11",1.5,"",.0,"8",.8,"",6.4,""
"249190560","JAB£ONKA","2017","12",-1.0,"",.0,"8",1.4,"",6.7,""
"249190670","POLANA CHOCHO£OWSKA","2017","01",-8.0,"",.0,"8",.0,"8",3.6,""
"249190670","POLANA CHOCHO£OWSKA","2017","02",-1.2,"",.0,"8",.0,"8",4.7,""
"249190670","POLANA CHOCHO£OWSKA","2017","03",1.3,"",.0,"8",1.0,"",5.7,""
"249190670","POLANA CHOCHO£OWSKA","2017","04",2.0,"",.0,"8",1.0,"",6.3,""
"249190670","POLANA CHOCHO£OWSKA","2017","05",9.0,"",.0,"8",.8,"",5.3,""
"249190670","POLANA CHOCHO£OWSKA","2017","06",13.6,"",.0,"8",1.1,"",4.6,""
"249190670","POLANA CHOCHO£OWSKA","2017","07",13.8,"",.0,"8",.0,"8",5.2,""
"249190670","POLANA CHOCHO£OWSKA","2017","08",15.1,"",.0,"8",.7,"",4.3,""
"249190670","POLANA CHOCHO£OWSKA","2017","09",9.0,"",.0,"8",.8,"",5.8,""
"249190670","POLANA CHOCHO£OWSKA","2017","10",4.9,"",.0,"8",.0,"8",5.6,""
"249190670","POLANA CHOCHO£OWSKA","2017","11",.1,"",.0,"8",.0,"8",5.8,""
"249190670","POLANA CHOCHO£OWSKA","2017","12",-2.6,"",.0,"8",1.1,"",6.4,""
"249190890","RADZIECHOWY","2017","01",-5.7,"",76.5,"",2.5,"",4.8,""
"249190890","RADZIECHOWY","2017","02",.6,"",82.6,"",2.5,"",5.7,""
"249190890","RADZIECHOWY","2017","03",5.5,"",79.0,"",2.8,"",5.4,""
"249190890","RADZIECHOWY","2017","04",6.4,"",77.8,"",2.2,"",5.9,""
"249190890","RADZIECHOWY","2017","05",13.2,"",77.7,"",2.2,"",4.4,""
"249190890","RADZIECHOWY","2017","06",17.6,"",72.6,"",2.2,"",3.7,""
"249190890","RADZIECHOWY","2017","07",18.0,"",79.5,"",1.9,"",4.6,""
"249190890","RADZIECHOWY","2017","08",19.1,"",82.5,"",1.7,"",3.5,""
"249190890","RADZIECHOWY","2017","09",13.0,"",89.5,"",2.8,"",5.9,""
"249190890","RADZIECHOWY","2017","10",9.2,"",80.0,"",2.8,"",5.2,""
"249190890","RADZIECHOWY","2017","11",4.0,"",82.8,"",2.5,"",5.2,""
"249190890","RADZIECHOWY","2017","12",1.5,"",80.6,"",3.0,"",6.1,""
"249200020","£AZY","2017","01",-5.7,"",.0,"8",2.4,"",5.4,""
"249200020","£AZY","2017","02",.3,"",.0,"8",2.7,"",5.9,""
"249200020","£AZY","2017","03",6.3,"",.0,"8",2.7,"",6.5,""
"249200020","£AZY","2017","04",7.9,"",.0,"8",3.0,"",6.4,""
"249200020","£AZY","2017","05",13.8,"",.0,"8",2.2,"",5.8,""
"249200020","£AZY","2017","06",19.0,"",.0,"8",2.7,"",5.0,""
"249200020","£AZY","2017","07",19.2,"",.0,"8",2.2,"",5.2,""
"249200020","£AZY","2017","08",19.7,"",.0,"8",2.0,"",4.5,""
"249200020","£AZY","2017","09",13.5,"",.0,"8",2.5,"",6.0,""
"249200020","£AZY","2017","10",9.7,"",.0,"8",2.8,"",5.8,""
"249200020","£AZY","2017","11",4.3,"",.0,"8",2.3,"",6.7,""
"249200020","£AZY","2017","12",2.6,"",.0,"8",3.2,"",6.6,""
"249200130","JASTRZÊBIA","2017","01",-6.9,"",.0,"8",1.4,"",4.9,""
"249200130","JASTRZÊBIA","2017","02",-.2,"",.0,"8",1.4,"",5.3,""
"249200130","JASTRZÊBIA","2017","03",5.4,"",.0,"8",1.5,"",5.4,""
"249200130","JASTRZÊBIA","2017","04",7.2,"",.0,"8",1.6,"",5.4,""
"249200130","JASTRZÊBIA","2017","05",13.5,"",.0,"8",1.3,"",4.5,""
"249200130","JASTRZÊBIA","2017","06",18.0,"",.0,"8",1.6,"",3.6,""
"249200130","JASTRZÊBIA","2017","07",18.4,"",.0,"8",1.1,"",3.6,""
"249200130","JASTRZÊBIA","2017","08",18.8,"",.0,"8",1.0,"",3.5,""
"249200130","JASTRZÊBIA","2017","09",12.8,"",.0,"8",.0,"8",5.1,""
"249200130","JASTRZÊBIA","2017","10",8.5,"",.0,"8",.0,"8",5.1,""
"249200130","JASTRZÊBIA","2017","11",3.1,"",.0,"8",1.3,"",5.1,""
"249200130","JASTRZÊBIA","2017","12",1.7,"",.0,"8",2.0,"",6.3,""
"249200180","LIMANOWA","2017","01",-5.4,"",78.0,"",2.9,"",4.9,""
"249200180","LIMANOWA","2017","02",.3,"",78.9,"",2.8,"",5.5,""
"249200180","LIMANOWA","2017","03",5.5,"",76.5,"",3.2,"",6.0,""
"249200180","LIMANOWA","2017","04",6.5,"",79.7,"",3.5,"",6.3,""
"249200180","LIMANOWA","2017","05",13.2,"",77.4,"",2.9,"",5.8,""
"249200180","LIMANOWA","2017","06",18.2,"",66.3,"",3.4,"",4.9,""
"249200180","LIMANOWA","2017","07",18.5,"",72.6,"",2.6,"",5.3,""
"249200180","LIMANOWA","2017","08",19.2,"",74.5,"",2.6,"",4.5,""
"249200180","LIMANOWA","2017","09",12.9,"",84.8,"",3.1,"",5.6,""
"249200180","LIMANOWA","2017","10",9.2,"",85.1,"",.0,"8",5.6,""
"249200180","LIMANOWA","2017","11",3.2,"",87.5,"",2.8,"",5.9,""
"249200180","LIMANOWA","2017","12",1.1,"",82.6,"",3.6,"",6.7,""
"249200240","PTASZKOWA","2017","01",-6.3,"",.0,"8",1.9,"",5.0,""
"249200240","PTASZKOWA","2017","02",.0,"",.0,"8",2.2,"",5.7,""
"249200240","PTASZKOWA","2017","03",5.5,"",.0,"8",2.4,"",5.9,""
"249200240","PTASZKOWA","2017","04",6.8,"",.0,"8",2.1,"",6.5,""
"249200240","PTASZKOWA","2017","05",13.2,"",.0,"8",2.0,"",5.6,""
"249200240","PTASZKOWA","2017","06",18.1,"",.0,"8",2.4,"",5.0,""
"249200240","PTASZKOWA","2017","07",18.2,"",.0,"8",1.9,"",5.2,""
"249200240","PTASZKOWA","2017","08",18.9,"",.0,"8",2.0,"",4.7,""
"249200240","PTASZKOWA","2017","09",12.9,"",.0,"8",2.1,"",5.4,""
"249200240","PTASZKOWA","2017","10",9.3,"",.0,"8",2.4,"",5.9,""
"249200240","PTASZKOWA","2017","11",3.3,"",.0,"8",1.8,"",5.9,""
"249200240","PTASZKOWA","2017","12",1.3,"",.0,"8",3.4,"",6.8,""
"249200260","£¥CKO","2017","01",-6.1,"",.0,"8",1.6,"",4.8,""
"249200260","£¥CKO","2017","02",.5,"",.0,"8",1.6,"",5.1,""
"249200260","£¥CKO","2017","03",5.4,"",.0,"8",1.9,"",5.6,""
"249200260","£¥CKO","2017","04",7.0,"",.0,"8",2.0,"",6.0,""
"249200260","£¥CKO","2017","05",13.3,"",.0,"8",1.6,"",5.0,""
"249200260","£¥CKO","2017","06",18.0,"",.0,"8",1.7,"",4.0,""
"249200260","£¥CKO","2017","07",18.3,"",.0,"8",1.2,"",4.6,""
"249200260","£¥CKO","2017","08",18.7,"",.0,"8",1.0,"",3.8,""
"249200260","£¥CKO","2017","09",12.8,"",.0,"8",1.3,"",5.2,""
"249200260","£¥CKO","2017","10",9.0,"",.0,"8",1.7,"",5.1,""
"249200260","£¥CKO","2017","11",3.4,"",.0,"8",1.1,"",5.2,""
"249200260","£¥CKO","2017","12",1.8,"",.0,"8",2.0,"",6.4,""
"249200320","£OPUSZNA","2017","01",-9.8,"",.0,"8",1.4,"",5.4,""
"249200320","£OPUSZNA","2017","02",-.9,"",.0,"8",1.9,"",5.5,""
"249200320","£OPUSZNA","2017","03",3.8,"",.0,"8",2.6,"",5.6,""
"249200320","£OPUSZNA","2017","04",5.3,"",.0,"8",2.6,"",6.1,""
"249200320","£OPUSZNA","2017","05",11.9,"",.0,"8",2.1,"",5.2,""
"249200320","£OPUSZNA","2017","06",16.3,"",.0,"8",2.5,"",4.0,""
"249200320","£OPUSZNA","2017","07",16.3,"",.0,"8",1.5,"",4.8,""
"249200320","£OPUSZNA","2017","08",16.8,"",.0,"8",1.4,"",4.2,""
"249200320","£OPUSZNA","2017","09",11.7,"",.0,"8",1.2,"",5.3,""
"249200320","£OPUSZNA","2017","10",7.2,"",.0,"8",.0,"8",6.1,""
"249200320","£OPUSZNA","2017","11",1.7,"",.0,"8",1.9,"",6.4,""
"249200320","£OPUSZNA","2017","12",-1.0,"",.0,"8",2.3,"",6.9,""
"249200360","MIZERNA","2017","01",-8.8,"",.0,"8",1.3,"",4.8,""
"249200360","MIZERNA","2017","02",-.5,"",.0,"8",1.4,"",5.2,""
"249200360","MIZERNA","2017","03",4.1,"",.0,"8",2.1,"",5.7,""
"249200360","MIZERNA","2017","04",5.4,"",.0,"8",2.5,"",6.3,""
"249200360","MIZERNA","2017","05",12.2,"",.0,"8",.0,"8",5.3,""
"249200360","MIZERNA","2017","06",16.6,"",.0,"8",2.3,"",3.7,""
"249200360","MIZERNA","2017","07",16.6,"",.0,"8",1.7,"",4.8,""
"249200360","MIZERNA","2017","08",17.5,"",.0,"8",1.5,"",4.4,""
"249200360","MIZERNA","2017","09",11.9,"",.0,"8",1.9,"",5.5,""
"249200360","MIZERNA","2017","10",7.5,"",.0,"8",.0,"8",5.8,""
"249200360","MIZERNA","2017","11",2.0,"",.0,"8",1.4,"",6.2,""
"249200360","MIZERNA","2017","12",-.4,"",.0,"8",2.2,"",6.7,""
"249200370","KROŒCIENKO","2017","01",-7.2,"",.0,"8",1.6,"",4.4,""
"249200370","KROŒCIENKO","2017","02",.1,"",.0,"8",1.6,"",5.1,""
"249200370","KROŒCIENKO","2017","03",4.9,"",.0,"8",1.9,"",5.7,""
"249200370","KROŒCIENKO","2017","04",6.3,"",.0,"8",.0,"8",6.3,""
"249200370","KROŒCIENKO","2017","05",12.9,"",.0,"8",1.6,"",5.0,""
"249200370","KROŒCIENKO","2017","06",17.3,"",.0,"8",1.5,"",4.1,""
"249200370","KROŒCIENKO","2017","07",17.4,"",.0,"8",1.1,"",4.8,""
"249200370","KROŒCIENKO","2017","08",17.9,"",.0,"8",.8,"",4.0,""
"249200370","KROŒCIENKO","2017","09",12.3,"",.0,"8",.8,"",5.0,""
"249200370","KROŒCIENKO","2017","10",7.9,"",.0,"8",1.4,"",5.6,""
"249200370","KROŒCIENKO","2017","11",2.8,"",.0,"8",1.2,"",5.8,""
"249200370","KROŒCIENKO","2017","12",.7,"",.0,"8",1.8,"",6.7,""
"249200420","NIEDZICA","2017","01",-8.5,"",.0,"8",.8,"",5.2,""
"249200420","NIEDZICA","2017","02",-.5,"",.0,"8",1.0,"",5.3,""
"249200420","NIEDZICA","2017","03",4.2,"",.0,"8",1.2,"",5.7,""
"249200420","NIEDZICA","2017","04",5.7,"",.0,"8",1.3,"",6.1,""
"249200420","NIEDZICA","2017","05",12.2,"",.0,"8",1.1,"",5.0,""
"249200420","NIEDZICA","2017","06",16.4,"",.0,"8",1.5,"",3.8,""
"249200420","NIEDZICA","2017","07",16.5,"",.0,"8",.9,"",4.7,""
"249200420","NIEDZICA","2017","08",17.4,"",.0,"8",1.1,"",4.4,""
"249200420","NIEDZICA","2017","09",11.9,"",.0,"8",1.0,"",5.4,""
"249200420","NIEDZICA","2017","10",7.5,"",.0,"8",1.1,"",5.2,""
"249200420","NIEDZICA","2017","11",2.1,"",.0,"8",.9,"",5.8,""
"249200420","NIEDZICA","2017","12",-.2,"",.0,"8",1.2,"",6.6,""
"249200470","KRYNICA","2017","01",-8.8,"",84.2,"",1.9,"",5.0,""
"249200470","KRYNICA","2017","02",-1.1,"",84.0,"",1.5,"",5.3,""
"249200470","KRYNICA","2017","03",3.7,"",81.3,"",2.2,"",5.4,""
"249200470","KRYNICA","2017","04",5.6,"",81.2,"",2.3,"",5.8,""
"249200470","KRYNICA","2017","05",11.9,"",81.0,"",1.9,"",4.8,""
"249200470","KRYNICA","2017","06",16.2,"",74.3,"",2.1,"",4.1,""
"249200470","KRYNICA","2017","07",16.1,"",84.2,"",1.2,"",4.5,""
"249200470","KRYNICA","2017","08",16.7,"",83.7,"",1.4,"",4.0,""
"249200470","KRYNICA","2017","09",11.4,"",87.4,"",1.6,"",5.1,""
"249200470","KRYNICA","2017","10",7.0,"",88.5,"",.0,"8",5.7,""
"249200470","KRYNICA","2017","11",1.7,"",91.1,"",.0,"8",5.9,""
"249200470","KRYNICA","2017","12",-.3,"",89.6,"",.0,"8",6.7,""
"249200480","BUKOWINA TATRZAÑSKA","2017","01",-6.7,"",.0,"8",1.6,"",4.1,""
"249200480","BUKOWINA TATRZAÑSKA","2017","02",-.2,"",.0,"8",1.9,"",4.8,""
"249200480","BUKOWINA TATRZAÑSKA","2017","03",3.5,"",.0,"8",2.6,"",5.7,""
"249200480","BUKOWINA TATRZAÑSKA","2017","04",4.3,"",.0,"8",2.8,"",6.3,""
"249200480","BUKOWINA TATRZAÑSKA","2017","05",11.2,"",.0,"8",1.9,"",5.5,""
"249200480","BUKOWINA TATRZAÑSKA","2017","06",15.7,"",.0,"8",2.7,"",4.2,""
"249200480","BUKOWINA TATRZAÑSKA","2017","07",15.9,"",.0,"8",1.9,"",4.6,""
"249200480","BUKOWINA TATRZAÑSKA","2017","08",17.0,"",.0,"8",1.5,"",3.9,""
"249200480","BUKOWINA TATRZAÑSKA","2017","09",10.6,"",.0,"8",1.8,"",5.3,""
"249200480","BUKOWINA TATRZAÑSKA","2017","10",6.9,"",.0,"8",2.7,"",5.3,""
"249200480","BUKOWINA TATRZAÑSKA","2017","11",1.2,"",.0,"8",1.2,"",5.5,""
"249200480","BUKOWINA TATRZAÑSKA","2017","12",-1.3,"",.0,"8",2.3,"",6.4,""
"249200490","MUSZYNA","2017","01",-8.5,"",.0,"8",.7,"",5.4,""
"249200490","MUSZYNA","2017","02",-.9,"",.0,"8",.8,"",5.5,""
"249200490","MUSZYNA","2017","03",4.6,"",.0,"8",1.2,"",5.8,""
"249200490","MUSZYNA","2017","04",6.6,"",.0,"8",1.5,"",6.4,""
"249200490","MUSZYNA","2017","05",13.0,"",.0,"8",.9,"",5.0,""
"249200490","MUSZYNA","2017","06",17.1,"",.0,"8",.8,"",4.3,""
"249200490","MUSZYNA","2017","07",17.1,"",.0,"8",.6,"",4.9,""
"249200490","MUSZYNA","2017","08",17.7,"",.0,"8",.7,"",4.3,""
"249200490","MUSZYNA","2017","09",12.4,"",.0,"8",.9,"",5.8,""
"249200490","MUSZYNA","2017","10",7.8,"",.0,"8",.6,"",6.5,""
"249200490","MUSZYNA","2017","11",2.5,"",.0,"8",.6,"",6.8,""
"249200490","MUSZYNA","2017","12",.3,"",.0,"8",1.1,"",7.2,""
"249200540","HALA G¥SIENICOWA","2017","01",-8.0,"",61.9,"",3.2,"",3.4,""
"249200540","HALA G¥SIENICOWA","2017","02",-1.9,"",70.8,"",3.6,"",5.0,""
"249200540","HALA G¥SIENICOWA","2017","03",-.6,"",75.1,"",3.5,"",6.3,""
"249200540","HALA G¥SIENICOWA","2017","04",.3,"",81.5,"",3.4,"",6.6,""
"249200540","HALA G¥SIENICOWA","2017","05",6.8,"",76.8,"",2.3,"",6.3,""
"249200540","HALA G¥SIENICOWA","2017","06",11.3,"",68.0,"",3.1,"",5.6,""
"249200540","HALA G¥SIENICOWA","2017","07",11.8,"",73.0,"",2.7,"",6.0,""
"249200540","HALA G¥SIENICOWA","2017","08",13.5,"",68.1,"",2.6,"",4.7,""
"249200540","HALA G¥SIENICOWA","2017","09",6.9,"",83.0,"",3.2,"",6.2,""
"249200540","HALA G¥SIENICOWA","2017","10",3.5,"",73.8,"",3.2,"",5.7,""
"249200540","HALA G¥SIENICOWA","2017","11",-.9,"",78.0,"",3.4,"",6.0,""
"249200540","HALA G¥SIENICOWA","2017","12",-4.3,"",77.0,"",4.4,"",6.4,""
"249200550","DOLINA PIÊCIU STAWÓW","2017","01",-9.0,"",.0,"8",4.3,"",3.3,""
"249200550","DOLINA PIÊCIU STAWÓW","2017","02",-3.0,"",.0,"8",5.0,"",4.6,""
"249200550","DOLINA PIÊCIU STAWÓW","2017","03",-1.7,"",.0,"8",4.9,"",6.2,""
"249200550","DOLINA PIÊCIU STAWÓW","2017","04",-.8,"",.0,"8",.0,"8",6.6,""
"249200550","DOLINA PIÊCIU STAWÓW","2017","05",5.8,"",.0,"8",.0,"8",5.9,""
"249200550","DOLINA PIÊCIU STAWÓW","2017","06",10.8,"",.0,"8",4.0,"",5.5,""
"249200550","DOLINA PIÊCIU STAWÓW","2017","07",11.0,"",.0,"8",.0,"8",5.9,""
"249200550","DOLINA PIÊCIU STAWÓW","2017","08",12.8,"",.0,"8",3.7,"",4.8,""
"249200550","DOLINA PIÊCIU STAWÓW","2017","09",6.1,"",.0,"8",4.1,"",6.1,""
"249200550","DOLINA PIÊCIU STAWÓW","2017","10",3.1,"",.0,"8",5.4,"",5.6,""
"249200550","DOLINA PIÊCIU STAWÓW","2017","11",-1.7,"",.0,"8",5.0,"",5.5,""
"249200550","DOLINA PIÊCIU STAWÓW","2017","12",-5.4,"",.0,"8",.0,"8",6.4,""
"249200920","PIWNICZNA","2017","01",-6.9,"",.0,"8",1.9,"",5.8,""
"249200920","PIWNICZNA","2017","02",.1,"",.0,"8",1.7,"",5.9,""
"249200920","PIWNICZNA","2017","03",5.3,"",.0,"8",.0,"8",5.1,""
"249200920","PIWNICZNA","2017","04",6.7,"",.0,"8",.0,"8",5.7,""
"249200920","PIWNICZNA","2017","05",13.4,"",.0,"8",.0,"8",4.8,""
"249200920","PIWNICZNA","2017","06",17.6,"",.0,"8",.6,"",3.6,""
"249200920","PIWNICZNA","2017","07",17.6,"",.0,"8",1.1,"",4.3,""
"249200920","PIWNICZNA","2017","08",18.1,"",.0,"8",1.0,"",3.5,""
"249200920","PIWNICZNA","2017","09",12.6,"",.0,"8",.0,"8",5.4,""
"249200920","PIWNICZNA","2017","10",8.3,"",.0,"8",1.4,"",5.6,""
"249200920","PIWNICZNA","2017","11",3.1,"",.0,"8",1.4,"",6.1,""
"249200920","PIWNICZNA","2017","12",1.4,"",.0,"8",1.9,"",6.9,""
"249200930","PORONIN","2017","01",-9.9,"",80.1,"",1.7,"",4.1,""
"249200930","PORONIN","2017","02",-1.4,"",79.8,"",1.7,"",4.9,""
"249200930","PORONIN","2017","03",3.2,"",75.7,"",2.0,"",5.5,""
"249200930","PORONIN","2017","04",4.3,"",78.4,"",1.8,"",6.2,""
"249200930","PORONIN","2017","05",11.1,"",73.9,"",1.7,"",5.4,""
"249200930","PORONIN","2017","06",15.5,"",65.8,"",1.9,"",4.5,""
"249200930","PORONIN","2017","07",15.6,"",73.1,"",1.5,"",5.0,""
"249200930","PORONIN","2017","08",15.9,"",77.2,"",1.5,"",4.1,""
"249200930","PORONIN","2017","09",10.1,"",85.0,"",1.6,"",5.4,""
"249200930","PORONIN","2017","10",5.7,"",85.1,"",1.9,"",5.0,""
"249200930","PORONIN","2017","11",.3,"",87.6,"",1.1,"",5.7,""
"249200930","PORONIN","2017","12",-1.8,"",83.6,"",.0,"8",6.1,""
"249200980","MSZANA DOLNA","2017","01",-5.7,"",76.2,"",.0,"8",5.4,""
"249200980","MSZANA DOLNA","2017","02",-.2,"",80.7,"",3.0,"",6.0,""
"249200980","MSZANA DOLNA","2017","03",5.0,"",76.6,"",2.7,"",6.4,""
"249200980","MSZANA DOLNA","2017","04",6.1,"",78.3,"",3.0,"",6.5,""
"249200980","MSZANA DOLNA","2017","05",12.7,"",77.6,"",2.3,"",5.7,""
"249200980","MSZANA DOLNA","2017","06",17.5,"",67.7,"",.0,"8",4.8,""
"249200980","MSZANA DOLNA","2017","07",17.7,"",74.0,"",.0,"8",5.2,""
"249200980","MSZANA DOLNA","2017","08",18.4,"",76.0,"",2.1,"",4.5,""
"249200980","MSZANA DOLNA","2017","09",12.2,"",85.3,"",.0,"8",6.0,""
"249200980","MSZANA DOLNA","2017","10",8.5,"",85.4,"",2.9,"",6.1,""
"249200980","MSZANA DOLNA","2017","11",3.2,"",87.2,"",2.4,"",6.2,""
"249200980","MSZANA DOLNA","2017","12",1.2,"",82.8,"",3.2,"",6.8,""
"249220040","DYNÓW","2017","01",-7.5,"",.0,"8",2.1,"",5.3,""
"249220040","DYNÓW","2017","02",-.4,"",.0,"8",2.7,"",5.7,""
"249220040","DYNÓW","2017","03",5.5,"",.0,"8",2.8,"",5.3,""
"249220040","DYNÓW","2017","04",7.5,"",.0,"8",3.0,"",5.7,""
"249220040","DYNÓW","2017","05",13.4,"",.0,"8",2.0,"",4.6,""
"249220040","DYNÓW","2017","06",18.1,"",.0,"8",2.3,"",4.3,""
"249220040","DYNÓW","2017","07",18.3,"",.0,"8",1.7,"",3.8,""
"249220040","DYNÓW","2017","08",18.6,"",.0,"8",1.4,"",3.7,""
"249220040","DYNÓW","2017","09",13.1,"",.0,"8",2.0,"",5.1,""
"249220040","DYNÓW","2017","10",8.8,"",.0,"8",2.4,"",5.8,""
"249220040","DYNÓW","2017","11",3.8,"",.0,"8",1.8,"",6.0,""
"249220040","DYNÓW","2017","12",2.0,"",.0,"8",3.2,"",7.0,""
"249220150","SOLINA-JAWOR","2017","01",-7.3,"",.0,"8",1.3,"",5.1,""
"249220150","SOLINA-JAWOR","2017","02",-.5,"",.0,"8",1.9,"",5.5,""
"249220150","SOLINA-JAWOR","2017","03",4.9,"",.0,"8",1.8,"",6.5,""
"249220150","SOLINA-JAWOR","2017","04",7.0,"",.0,"8",2.2,"",6.3,""
"249220150","SOLINA-JAWOR","2017","05",12.6,"",.0,"8",1.5,"",5.7,""
"249220150","SOLINA-JAWOR","2017","06",17.5,"",.0,"8",1.5,"",5.1,""
"249220150","SOLINA-JAWOR","2017","07",18.0,"",.0,"8",1.1,"",4.7,""
"249220150","SOLINA-JAWOR","2017","08",18.4,"",.0,"8",1.1,"",4.3,""
"249220150","SOLINA-JAWOR","2017","09",12.8,"",.0,"8",1.5,"",5.3,""
"249220150","SOLINA-JAWOR","2017","10",8.9,"",.0,"8",1.9,"",6.2,""
"249220150","SOLINA-JAWOR","2017","11",3.3,"",.0,"8",1.3,"",6.0,""
"249220150","SOLINA-JAWOR","2017","12",1.1,"",.0,"8",2.5,"",7.3,""
"249220180","KOMAÑCZA","2017","01",-8.8,"",83.3,"",1.7,"",5.6,""
"249220180","KOMAÑCZA","2017","02",-.9,"",84.2,"",1.5,"",5.5,""
"249220180","KOMAÑCZA","2017","03",4.0,"",81.3,"",1.6,"",5.8,""
"249220180","KOMAÑCZA","2017","04",6.3,"",75.7,"",1.9,"",5.8,""
"249220180","KOMAÑCZA","2017","05",12.3,"",79.6,"",1.4,"",5.3,""
"249220180","KOMAÑCZA","2017","06",16.4,"",75.9,"",1.5,"",4.6,""
"249220180","KOMAÑCZA","2017","07",16.8,"",80.0,"",.0,"8",4.8,""
"249220180","KOMAÑCZA","2017","08",17.0,"",82.7,"",1.0,"",3.9,""
"249220180","KOMAÑCZA","2017","09",11.8,"",85.6,"",1.3,"",5.4,""
"249220180","KOMAÑCZA","2017","10",7.5,"",86.2,"",1.5,"",5.5,""
"249220180","KOMAÑCZA","2017","11",2.3,"",89.8,"",1.3,"",6.1,""
"249220180","KOMAÑCZA","2017","12",.0,"",92.5,"",.0,"8",7.5,""
"249220210","TERKA","2017","01",-8.3,"",.0,"8",1.5,"",4.5,""
"249220210","TERKA","2017","02",-.1,"",.0,"8",1.8,"",5.4,""
"249220210","TERKA","2017","03",4.6,"",.0,"8",1.6,"",5.5,""
"249220210","TERKA","2017","04",6.7,"",.0,"8",1.7,"",5.9,""
"249220210","TERKA","2017","05",12.5,"",.0,"8",.9,"",5.3,""
"249220210","TERKA","2017","06",16.9,"",.0,"8",1.2,"",4.3,""
"249220210","TERKA","2017","07",17.5,"",.0,"8",1.0,"",4.3,""
"249220210","TERKA","2017","08",17.8,"",.0,"8",1.0,"",3.8,""
"249220210","TERKA","2017","09",12.1,"",.0,"8",.9,"",5.2,""
"249220210","TERKA","2017","10",8.3,"",.0,"8",1.5,"",5.9,""
"249220210","TERKA","2017","11",2.7,"",.0,"8",1.4,"",5.6,""
"249220210","TERKA","2017","12",.9,"",.0,"8",2.1,"",7.3,""
"249220280","STUPOSIANY","2017","01",-10.2,"",82.9,"",2.0,"",4.4,""
"249220280","STUPOSIANY","2017","02",-1.1,"",83.9,"",2.2,"",5.4,""
"249220280","STUPOSIANY","2017","03",3.6,"",85.6,"",2.3,"",5.7,""
"249220280","STUPOSIANY","2017","04",5.5,"",80.9,"",2.4,"",5.5,""
"249220280","STUPOSIANY","2017","05",11.5,"",81.4,"",1.7,"",5.0,""
"249220280","STUPOSIANY","2017","06",15.9,"",75.1,"",2.0,"",4.1,""
"249220280","STUPOSIANY","2017","07",16.2,"",79.7,"",1.6,"",3.9,""
"249220280","STUPOSIANY","2017","08",16.4,"",82.9,"",1.4,"",3.0,""
"249220280","STUPOSIANY","2017","09",11.1,"",88.1,"",1.4,"",4.8,""
"249220280","STUPOSIANY","2017","10",7.0,"",86.2,"",2.1,"",5.6,""
"249220280","STUPOSIANY","2017","11",2.0,"",89.3,"",1.6,"",5.4,""
"249220280","STUPOSIANY","2017","12",.3,"",88.6,"",.0,"8",7.2,""
"250160360","TARNÓW","2017","01",-3.9,"",.0,"8",.0,"8",5.1,""
"250160360","TARNÓW","2017","02",1.2,"",.0,"8",.0,"8",6.6,""
"250160360","TARNÓW","2017","03",6.5,"",.0,"8",.0,"8",5.9,""
"250160360","TARNÓW","2017","04",7.5,"",.0,"8",.0,"8",6.4,""
"250160360","TARNÓW","2017","05",14.0,"",.0,"8",.0,"8",4.9,""
"250160360","TARNÓW","2017","06",18.4,"",.0,"8",.0,"8",4.1,""
"250160360","TARNÓW","2017","07",18.9,"",.0,"8",.0,"8",5.2,""
"250160360","TARNÓW","2017","08",19.5,"",.0,"8",.0,"8",4.1,""
"250160360","TARNÓW","2017","09",12.7,"",.0,"8",.0,"8",6.5,""
"250160360","TARNÓW","2017","10",10.7,"",.0,"8",.0,"8",5.3,""
"250160360","TARNÓW","2017","11",4.9,"",.0,"8",.0,"8",6.6,""
"250160360","TARNÓW","2017","12",2.3,"",.0,"8",.0,"8",6.4,""
"250180580","DRONIOWICE","2017","01",-5.3,"",86.0,"",2.8,"",6.8,""
"250180580","DRONIOWICE","2017","02",.0,"",86.5,"",3.1,"",7.2,""
"250180580","DRONIOWICE","2017","03",5.8,"",77.7,"",3.3,"",6.3,""
"250180580","DRONIOWICE","2017","04",7.1,"",76.2,"",3.6,"",6.6,""
"250180580","DRONIOWICE","2017","05",13.5,"",74.2,"",2.9,"",5.5,""
"250180580","DRONIOWICE","2017","06",17.8,"",66.2,"",3.0,"",4.6,""
"250180580","DRONIOWICE","2017","07",18.3,"",72.0,"",2.7,"",5.5,""
"250180580","DRONIOWICE","2017","08",19.3,"",72.9,"",2.6,"",4.9,""
"250180580","DRONIOWICE","2017","09",12.9,"",86.3,"",3.1,"",6.7,""
"250180580","DRONIOWICE","2017","10",9.4,"",88.7,"",3.9,"",6.8,""
"250180580","DRONIOWICE","2017","11",4.4,"",89.9,"",3.2,"",7.4,""
"250180580","DRONIOWICE","2017","12",1.7,"",87.8,"",3.9,"",7.4,""
"250190030","SILNICZKA","2017","01",-6.4,"",.0,"8",.0,"8",4.1,""
"250190030","SILNICZKA","2017","02",-1.0,"",.0,"8",.0,"8",5.3,""
"250190030","SILNICZKA","2017","03",4.9,"",.0,"8",.0,"8",5.2,""
"250190030","SILNICZKA","2017","04",6.7,"",.0,"8",.0,"8",5.0,""
"250190030","SILNICZKA","2017","05",13.3,"",.0,"8",.0,"8",4.6,""
"250190030","SILNICZKA","2017","06",17.8,"",.0,"8",.0,"8",4.0,""
"250190030","SILNICZKA","2017","07",18.7,"",.0,"8",.0,"8",4.1,""
"250190030","SILNICZKA","2017","08",19.0,"",.0,"8",.0,"8",3.7,""
"250190030","SILNICZKA","2017","09",12.8,"",.0,"8",.0,"8",5.5,""
"250190030","SILNICZKA","2017","10",8.9,"",.0,"8",.0,"8",5.4,""
"250190030","SILNICZKA","2017","11",3.8,"",.0,"8",.0,"8",6.6,""
"250190030","SILNICZKA","2017","12",1.6,"",.0,"8",.0,"8",6.2,""
"250190160","LGOTA GÓRNA","2017","01",-5.8,"",.0,"8",1.1,"",7.4,""
"250190160","LGOTA GÓRNA","2017","02",-.5,"",.0,"8",1.5,"",7.6,""
"250190160","LGOTA GÓRNA","2017","03",5.4,"",.0,"8",1.9,"",7.0,""
"250190160","LGOTA GÓRNA","2017","04",6.3,"",.0,"8",2.0,"",7.2,""
"250190160","LGOTA GÓRNA","2017","05",12.6,"",.0,"8",1.5,"",6.3,""
"250190160","LGOTA GÓRNA","2017","06",17.3,"",.0,"8",1.6,"",5.3,""
"250190160","LGOTA GÓRNA","2017","07",17.8,"",.0,"8",1.2,"",5.9,""
"250190160","LGOTA GÓRNA","2017","08",18.7,"",.0,"8",1.2,"",5.7,""
"250190160","LGOTA GÓRNA","2017","09",12.0,"",.0,"8",1.5,"",7.3,""
"250190160","LGOTA GÓRNA","2017","10",8.8,"",.0,"8",2.3,"",7.2,""
"250190160","LGOTA GÓRNA","2017","11",3.6,"",.0,"8",1.1,"",7.6,""
"250190160","LGOTA GÓRNA","2017","12",1.0,"",.0,"8",1.7,"",7.7,""
"250190390","KRAKÓW-OBSERWATORIUM","2017","01",-4.5,"",78.4,"",1.6,"",4.7,""
"250190390","KRAKÓW-OBSERWATORIUM","2017","02",.9,"",77.9,"",2.1,"",5.6,""
"250190390","KRAKÓW-OBSERWATORIUM","2017","03",6.9,"",72.4,"",1.9,"",5.5,""
"250190390","KRAKÓW-OBSERWATORIUM","2017","04",8.4,"",71.1,"",2.4,"",5.7,""
"250190390","KRAKÓW-OBSERWATORIUM","2017","05",14.7,"",72.1,"",2.0,"",5.1,""
"250190390","KRAKÓW-OBSERWATORIUM","2017","06",19.9,"",58.7,"",2.0,"",4.3,""
"250190390","KRAKÓW-OBSERWATORIUM","2017","07",20.1,"",65.7,"",1.7,"",4.7,""
"250190390","KRAKÓW-OBSERWATORIUM","2017","08",20.7,"",68.7,"",1.7,"",3.7,""
"250190390","KRAKÓW-OBSERWATORIUM","2017","09",14.0,"",82.0,"",1.7,"",5.7,""
"250190390","KRAKÓW-OBSERWATORIUM","2017","10",10.2,"",84.0,"",1.8,"",5.6,""
"250190390","KRAKÓW-OBSERWATORIUM","2017","11",5.0,"",84.9,"",1.4,"",6.0,""
"250190390","KRAKÓW-OBSERWATORIUM","2017","12",2.5,"",79.8,"",2.1,"",6.2,""
"250200230","BORUSOWA","2017","03",6.2,"",.0,"8",1.8,"",4.9,""
"250200230","BORUSOWA","2017","04",8.1,"",.0,"8",2.3,"",5.4,""
"250200230","BORUSOWA","2017","05",14.2,"",.0,"8",2.1,"",4.8,""
"250200230","BORUSOWA","2017","06",19.0,"",.0,"8",2.6,"",3.6,""
"250200230","BORUSOWA","2017","07",19.3,"",.0,"8",2.4,"",4.1,""
"250200230","BORUSOWA","2017","08",20.2,"",.0,"8",2.0,"",3.2,""
"250200230","BORUSOWA","2017","09",14.1,"",.0,"8",2.3,"",5.2,""
"250200230","BORUSOWA","2017","10",9.8,"",.0,"8",.0,"8",5.5,""
"250200230","BORUSOWA","2017","11",4.3,"",.0,"8",2.6,"",5.9,""
"250200230","BORUSOWA","2017","12",2.1,"",.0,"8",3.4,"",6.1,""
"250210050","ŒWIÊTY KRZY¯","2017","01",-6.3,"",91.1,"",.0,"8",4.6,""
"250210050","ŒWIÊTY KRZY¯","2017","02",-2.6,"",89.1,"",.0,"8",5.0,""
"250210050","ŒWIÊTY KRZY¯","2017","03",4.0,"",80.4,"",3.7,"",5.5,""
"250210050","ŒWIÊTY KRZY¯","2017","04",5.3,"",79.8,"",3.4,"",5.5,""
"250210050","ŒWIÊTY KRZY¯","2017","05",12.5,"",74.8,"",2.5,"",4.6,""
"250210050","ŒWIÊTY KRZY¯","2017","06",16.9,"",68.8,"",3.2,"",4.2,""
"250210050","ŒWIÊTY KRZY¯","2017","07",17.5,"",75.1,"",2.7,"",4.9,""
"250210050","ŒWIÊTY KRZY¯","2017","08",18.8,"",76.4,"",2.8,"",3.6,""
"250210050","ŒWIÊTY KRZY¯","2017","09",11.8,"",90.0,"",3.4,"",5.5,""
"250210050","ŒWIÊTY KRZY¯","2017","10",7.7,"",93.3,"",4.1,"",5.7,""
"250210050","ŒWIÊTY KRZY¯","2017","11",2.2,"",94.6,"",4.2,"",6.5,""
"250210050","ŒWIÊTY KRZY¯","2017","12",-.5,"",95.0,"",4.9,"",6.4,""
"250210130","STASZÓW","2017","01",-6.1,"",.0,"8",2.0,"",5.0,""
"250210130","STASZÓW","2017","02",-1.0,"",.0,"8",2.7,"",5.6,""
"250210130","STASZÓW","2017","03",5.3,"",.0,"8",2.4,"",5.6,""
"250210130","STASZÓW","2017","04",7.0,"",.0,"8",3.1,"",5.7,""
"250210130","STASZÓW","2017","05",13.7,"",.0,"8",2.3,"",4.9,""
"250210130","STASZÓW","2017","06",18.5,"",.0,"8",2.8,"",4.1,""
"250210130","STASZÓW","2017","07",18.7,"",.0,"8",2.0,"",4.6,""
"250210130","STASZÓW","2017","08",19.5,"",.0,"8",1.9,"",3.6,""
"250210130","STASZÓW","2017","09",13.6,"",.0,"8",2.5,"",5.6,""
"250210130","STASZÓW","2017","10",8.9,"",.0,"8",2.5,"",6.3,""
"250210130","STASZÓW","2017","11",3.5,"",.0,"8",1.8,"",6.6,""
"250210130","STASZÓW","2017","12",1.5,"",.0,"8",2.6,"",6.7,""
"250210180","CHORZELÓW","2017","01",-5.7,"",81.1,"",1.2,"",4.8,""
"250210180","CHORZELÓW","2017","02",-.3,"",78.6,"",1.5,"",5.3,""
"250210180","CHORZELÓW","2017","03",6.2,"",76.5,"",2.0,"",5.1,""
"250210180","CHORZELÓW","2017","04",7.6,"",74.1,"",2.4,"",5.4,""
"250210180","CHORZELÓW","2017","05",13.9,"",76.7,"",1.6,"",4.5,""
"250210180","CHORZELÓW","2017","06",19.2,"",63.7,"",2.4,"",3.3,""
"250210180","CHORZELÓW","2017","07",19.3,"",71.7,"",1.3,"",3.6,""
"250210180","CHORZELÓW","2017","08",19.8,"",72.5,"",1.3,"",3.3,""
"250210180","CHORZELÓW","2017","09",14.0,"",81.7,"",1.7,"",5.2,""
"250210180","CHORZELÓW","2017","10",9.6,"",84.1,"",2.0,"",5.7,""
"250210180","CHORZELÓW","2017","11",4.1,"",86.0,"",1.9,"",5.6,""
"250210180","CHORZELÓW","2017","12",2.1,"",84.1,"",2.4,"",6.3,""
"250210240","ZAWADA","2017","01",-5.4,"",.0,"8",2.9,"",6.0,""
"250210240","ZAWADA","2017","02",.5,"",.0,"8",3.5,"",6.1,""
"250210240","ZAWADA","2017","03",6.7,"",.0,"8",3.5,"",6.1,""
"250210240","ZAWADA","2017","04",8.2,"",.0,"8",3.4,"",6.4,""
"250210240","ZAWADA","2017","05",14.0,"",.0,"8",2.5,"",5.6,""
"250210240","ZAWADA","2017","06",18.9,"",.0,"8",3.2,"",4.9,""
"250210240","ZAWADA","2017","07",19.4,"",.0,"8",2.4,"",5.3,""
"250210240","ZAWADA","2017","08",19.7,"",.0,"8",2.0,"",5.0,""
"250210240","ZAWADA","2017","09",14.0,"",.0,"8",2.8,"",6.4,""
"250210240","ZAWADA","2017","10",10.2,"",.0,"8",3.4,"",6.2,""
"250210240","ZAWADA","2017","11",4.7,"",.0,"8",2.7,"",6.6,""
"250210240","ZAWADA","2017","12",2.6,"",.0,"8",4.1,"",6.8,""
"250220120","JAROCIN","2017","01",-5.8,"",.0,"8",2.1,"",5.1,""
"250220120","JAROCIN","2017","02",-.7,"",.0,"8",1.7,"",6.0,""
"250220120","JAROCIN","2017","03",5.4,"",.0,"8",1.0,"",6.4,""
"250220120","JAROCIN","2017","04",7.4,"",.0,"8",1.2,"",5.8,""
"250220120","JAROCIN","2017","05",13.9,"",.0,"8",1.9,"",4.2,""
"250220120","JAROCIN","2017","06",18.6,"",.0,"8",2.9,"",3.8,""
"250220120","JAROCIN","2017","07",18.7,"",.0,"8",2.1,"",3.7,""
"250220120","JAROCIN","2017","08",18.9,"",.0,"8",1.7,"",3.9,""
"250220120","JAROCIN","2017","09",13.5,"",.0,"8",2.1,"",5.1,""
"250220120","JAROCIN","2017","10",9.0,"",.0,"8",3.0,"",6.0,""
"250220120","JAROCIN","2017","11",3.6,"",.0,"8",2.1,"",5.9,""
"250220120","JAROCIN","2017","12",1.8,"",.0,"8",3.1,"",6.5,""
"250230070","TOMASZÓW LUBELSKI","2017","01",-6.3,"",.0,"8",.0,"8",5.9,""
"250230070","TOMASZÓW LUBELSKI","2017","02",-1.5,"",.0,"8",.0,"8",6.0,""
"250230070","TOMASZÓW LUBELSKI","2017","03",5.5,"",.0,"8",.0,"8",6.2,""
"250230070","TOMASZÓW LUBELSKI","2017","04",7.7,"",.0,"8",.0,"8",5.3,""
"250230070","TOMASZÓW LUBELSKI","2017","05",13.7,"",.0,"8",.0,"8",5.3,""
"250230070","TOMASZÓW LUBELSKI","2017","06",18.3,"",.0,"8",.0,"8",4.7,""
"250230070","TOMASZÓW LUBELSKI","2017","07",18.5,"",.0,"8",.0,"8",4.7,""
"250230070","TOMASZÓW LUBELSKI","2017","08",19.5,"",.0,"8",.0,"8",4.6,""
"250230070","TOMASZÓW LUBELSKI","2017","09",13.2,"",.0,"8",.0,"8",5.9,""
"250230070","TOMASZÓW LUBELSKI","2017","10",8.5,"",.0,"8",.0,"8",6.0,""
"250230070","TOMASZÓW LUBELSKI","2017","11",3.2,"",.0,"8",.0,"8",6.5,""
"250230070","TOMASZÓW LUBELSKI","2017","12",1.3,"",.0,"8",.0,"8",7.1,""
"250230160","CIESZANÓW","2017","01",-6.6,"",86.3,"",3.2,"",7.0,""
"250230160","CIESZANÓW","2017","02",-1.1,"",80.5,"",3.6,"",6.4,""
"250230160","CIESZANÓW","2017","03",5.6,"",79.0,"",3.7,"",6.8,""
"250230160","CIESZANÓW","2017","04",7.8,"",72.2,"",3.7,"",6.3,""
"250230160","CIESZANÓW","2017","05",13.7,"",74.4,"",2.8,"",6.2,""
"250230160","CIESZANÓW","2017","06",18.3,"",71.9,"",.0,"8",5.9,""
"250230160","CIESZANÓW","2017","07",18.9,"",72.8,"",2.8,"",5.8,""
"250230160","CIESZANÓW","2017","08",19.7,"",70.7,"",2.7,"",5.3,""
"250230160","CIESZANÓW","2017","09",13.8,"",82.6,"",3.3,"",6.5,""
"250230160","CIESZANÓW","2017","10",9.1,"",88.3,"",4.1,"",6.5,""
"250230160","CIESZANÓW","2017","11",3.5,"",91.7,"",3.1,"",6.9,""
"250230160","CIESZANÓW","2017","12",1.7,"",87.0,"",4.2,"",7.0,""
"250240010","STRZY¯ÓW","2017","01",-5.8,"",.0,"8",.0,"8",4.2,""
"250240010","STRZY¯ÓW","2017","02",-1.4,"",.0,"8",.0,"8",4.7,""
"250240010","STRZY¯ÓW","2017","03",6.0,"",.0,"8",.0,"8",3.3,""
"250240010","STRZY¯ÓW","2017","04",8.1,"",.0,"8",.0,"8",3.0,""
"250240010","STRZY¯ÓW","2017","05",13.8,"",.0,"8",.0,"8",3.1,""
"250240010","STRZY¯ÓW","2017","06",18.3,"",.0,"8",.0,"8",2.9,""
"250240010","STRZY¯ÓW","2017","07",18.6,"",.0,"8",.0,"8",2.9,""
"250240010","STRZY¯ÓW","2017","08",19.7,"",.0,"8",.0,"8",3.1,""
"250240010","STRZY¯ÓW","2017","09",13.7,"",.0,"8",.0,"8",4.9,""
"250240010","STRZY¯ÓW","2017","10",8.8,"",.0,"8",.0,"8",5.0,""
"250240010","STRZY¯ÓW","2017","11",3.5,"",.0,"8",.0,"8",3.3,""
"250240010","STRZY¯ÓW","2017","12",1.9,"",.0,"8",.0,"8",4.9,""
"251150060","CEBER","2017","01",-2.9,"",.0,"8",.0,"8",6.0,""
"251150060","CEBER","2017","02",.8,"",.0,"8",.0,"8",6.8,""
"251150060","CEBER","2017","03",6.4,"",.0,"8",.0,"8",6.2,""
"251150060","CEBER","2017","04",8.0,"",.0,"8",.0,"8",6.1,""
"251150060","CEBER","2017","05",14.2,"",.0,"8",.0,"8",4.9,""
"251150060","CEBER","2017","06",18.4,"",.0,"8",.0,"8",4.3,""
"251150060","CEBER","2017","07",19.1,"",.0,"8",.0,"8",5.0,""
"251150060","CEBER","2017","08",19.1,"",.0,"8",.0,"8",3.6,""
"251150060","CEBER","2017","09",12.8,"",.0,"8",.0,"8",6.0,""
"251150060","CEBER","2017","10",10.7,"",.0,"8",.0,"8",6.3,""
"251150060","CEBER","2017","11",5.2,"",.0,"8",.0,"8",7.0,""
"251150060","CEBER","2017","12",2.8,"",.0,"8",.0,"8",7.3,""
"251160320","RADZYÑ","2017","01",-2.9,"",88.5,"",1.8,"",5.4,""
"251160320","RADZYÑ","2017","02",1.2,"",83.6,"",2.4,"",6.5,""
"251160320","RADZYÑ","2017","03",6.6,"",78.8,"",1.8,"",6.0,""
"251160320","RADZYÑ","2017","04",8.1,"",75.5,"",2.6,"",6.3,""
"251160320","RADZYÑ","2017","05",14.5,"",71.1,"",2.3,"",6.0,""
"251160320","RADZYÑ","2017","06",18.8,"",67.4,"",2.3,"",5.8,""
"251160320","RADZYÑ","2017","07",19.1,"",74.9,"",1.9,"",6.0,""
"251160320","RADZYÑ","2017","08",19.2,"",76.6,"",1.7,"",5.2,""
"251160320","RADZYÑ","2017","09",13.1,"",82.8,"",2.0,"",6.0,""
"251160320","RADZYÑ","2017","10",10.8,"",84.1,"",1.8,"",5.6,""
"251160320","RADZYÑ","2017","11",5.3,"",86.8,"",1.5,"",6.7,""
"251160320","RADZYÑ","2017","12",2.8,"",85.8,"",1.9,"",6.8,""
"251170090","SMOLICE","2017","01",-3.0,"",.0,"8",.0,"8",5.6,""
"251170090","SMOLICE","2017","02",.4,"",.0,"8",.0,"8",7.0,""
"251170090","SMOLICE","2017","03",6.5,"",.0,"8",.0,"8",6.0,""
"251170090","SMOLICE","2017","04",7.8,"",.0,"8",.0,"8",6.5,""
"251170090","SMOLICE","2017","05",14.3,"",.0,"8",.0,"8",5.5,""
"251170090","SMOLICE","2017","06",18.5,"",.0,"8",.0,"8",5.3,""
"251170090","SMOLICE","2017","07",18.9,"",.0,"8",.0,"8",5.6,""
"251170090","SMOLICE","2017","08",19.5,"",.0,"8",.0,"8",4.5,""
"251170090","SMOLICE","2017","09",13.2,"",.0,"8",.0,"8",6.5,""
"251170090","SMOLICE","2017","10",10.6,"",.0,"8",.0,"8",6.2,""
"251170090","SMOLICE","2017","11",5.3,"",.0,"8",.0,"8",7.5,""
"251170090","SMOLICE","2017","12",2.5,"",.0,"8",.0,"8",7.2,""
"251190050","PUCZNIEW","2017","01",.0,"8",.0,"8",.0,"8",.0,"8"
"251190050","PUCZNIEW","2017","02",.0,"8",.0,"8",.0,"8",.0,"8"
"251190050","PUCZNIEW","2017","03",.0,"8",.0,"8",.0,"8",.0,"8"
"251190050","PUCZNIEW","2017","04",.0,"8",.0,"8",.0,"8",.0,"8"
"251190050","PUCZNIEW","2017","05",.0,"8",.0,"8",.0,"8",.0,"8"
"251190050","PUCZNIEW","2017","06",.0,"8",.0,"8",.0,"8",.0,"8"
"251190050","PUCZNIEW","2017","07",.0,"8",.0,"8",.0,"8",.0,"8"
"251190050","PUCZNIEW","2017","08",.0,"8",.0,"8",.0,"8",.0,"8"
"251190050","PUCZNIEW","2017","09",.0,"8",.0,"8",.0,"8",.0,"8"
"251190050","PUCZNIEW","2017","10",.0,"8",.0,"8",.0,"8",.0,"8"
"251190050","PUCZNIEW","2017","11",.0,"8",.0,"8",.0,"8",.0,"8"
"251190050","PUCZNIEW","2017","12",.0,"8",.0,"8",.0,"8",.0,"8"
"251200030","SKIERNIEWICE","2017","01",-4.1,"",81.6,"",2.3,"",5.3,""
"251200030","SKIERNIEWICE","2017","02",-1.2,"",81.8,"",3.1,"",6.4,""
"251200030","SKIERNIEWICE","2017","03",5.7,"",75.0,"",2.5,"",6.1,""
"251200030","SKIERNIEWICE","2017","04",7.4,"",71.8,"",2.9,"",6.4,""
"251200030","SKIERNIEWICE","2017","05",14.0,"",69.1,"",2.6,"",5.2,""
"251200030","SKIERNIEWICE","2017","06",18.4,"",.0,"8",3.1,"",.0,"8"
"251200030","SKIERNIEWICE","2017","07",18.7,"",70.4,"",2.1,"",5.8,""
"251200030","SKIERNIEWICE","2017","08",19.3,"",70.8,"",2.3,"",4.8,""
"251200030","SKIERNIEWICE","2017","09",13.4,"",83.3,"",2.6,"",6.3,""
"251200030","SKIERNIEWICE","2017","10",10.0,"",83.5,"",3.0,"",6.1,""
"251200030","SKIERNIEWICE","2017","11",4.9,"",84.5,"",2.7,"",7.1,""
"251200030","SKIERNIEWICE","2017","12",2.5,"",82.5,"",3.2,"",7.0,""
"251210040","JARCZEW","2017","01",-5.1,"",78.5,"",6.0,"",6.1,""
"251210040","JARCZEW","2017","02",-1.8,"",81.9,"",5.9,"",6.7,""
"251210040","JARCZEW","2017","03",5.4,"",85.8,"",6.4,"",6.5,""
"251210040","JARCZEW","2017","04",7.0,"",80.7,"",6.4,"",5.9,""
"251210040","JARCZEW","2017","05",13.7,"",81.9,"",6.8,"",4.5,""
"251210040","JARCZEW","2017","06",17.8,"",76.2,"",6.4,"",4.5,""
"251210040","JARCZEW","2017","07",18.1,"",81.9,"",6.7,"",5.4,""
"251210040","JARCZEW","2017","08",18.7,"",83.5,"",6.3,"",4.3,""
"251210040","JARCZEW","2017","09",13.5,"",87.3,"",6.4,"",6.3,""
"251210040","JARCZEW","2017","10",9.0,"",91.2,"",6.3,"",6.8,""
"251210040","JARCZEW","2017","11",4.0,"",92.4,"",6.1,"",7.1,""
"251210040","JARCZEW","2017","12",1.9,"",89.1,"",6.0,"",7.3,""
"251210120","PU£AWY","2017","01",-4.4,"",84.9,"",2.2,"",5.3,""
"251210120","PU£AWY","2017","02",-1.1,"",84.3,"",2.7,"",5.8,""
"251210120","PU£AWY","2017","03",6.2,"",76.8,"",2.3,"",5.9,""
"251210120","PU£AWY","2017","04",7.9,"",70.0,"",2.8,"",5.5,""
"251210120","PU£AWY","2017","05",14.7,"",70.0,"",2.2,"",4.9,""
"251210120","PU£AWY","2017","06",18.9,"",67.7,"",2.5,"",5.0,""
"251210120","PU£AWY","2017","07",19.4,"",70.5,"",2.1,"",4.9,""
"251210120","PU£AWY","2017","08",20.1,"",72.9,"",1.8,"",4.0,""
"251210120","PU£AWY","2017","09",14.1,"",84.8,"",2.3,"",5.7,""
"251210120","PU£AWY","2017","10",9.5,"",87.3,"",2.5,"",5.9,""
"251210120","PU£AWY","2017","11",4.5,"",87.8,"",2.1,"",6.6,""
"251210120","PU£AWY","2017","12",2.5,"",84.3,"",2.8,"",6.6,""
"252150120","GORZYÑ","2017","01",-2.2,"",.0,"8",1.3,"",5.3,""
"252150120","GORZYÑ","2017","02",.9,"",.0,"8",2.4,"",5.2,""
"252150120","GORZYÑ","2017","03",6.2,"",.0,"8",1.8,"",4.5,""
"252150120","GORZYÑ","2017","04",7.5,"",.0,"8",2.7,"",5.0,""
"252150120","GORZYÑ","2017","05",13.6,"",.0,"8",1.9,"",4.3,""
"252150120","GORZYÑ","2017","06",17.6,"",.0,"8",1.2,"",4.0,""
"252150120","GORZYÑ","2017","07",18.3,"",.0,"8",1.1,"",4.4,""
"252150120","GORZYÑ","2017","08",18.6,"",.0,"8",1.1,"",4.0,""
"252150120","GORZYÑ","2017","09",13.3,"",.0,"8",1.5,"",4.8,""
"252150120","GORZYÑ","2017","10",10.8,"",.0,"8",2.4,"",5.4,""
"252150120","GORZYÑ","2017","11",5.8,"",.0,"8",1.5,"",5.8,""
"252150120","GORZYÑ","2017","12",3.6,"",.0,"8",1.9,"",6.1,""
"252150270","BABIMOST","2017","01",-3.2,"",90.9,"",3.1,"",5.7,""
"252150270","BABIMOST","2017","02",.5,"",82.9,"",3.8,"",6.5,""
"252150270","BABIMOST","2017","03",5.6,"",79.4,"",3.3,"",5.6,""
"252150270","BABIMOST","2017","04",7.3,"",76.3,"",3.9,"",6.0,""
"252150270","BABIMOST","2017","05",14.3,"",69.1,"",3.1,"",5.4,""
"252150270","BABIMOST","2017","06",18.4,"",67.6,"",3.7,"",5.3,""
"252150270","BABIMOST","2017","07",19.2,"",73.4,"",3.3,"",5.3,""
"252150270","BABIMOST","2017","08",18.8,"",76.6,"",3.2,"",4.5,""
"252150270","BABIMOST","2017","09",12.9,"",84.9,"",3.3,"",5.7,""
"252150270","BABIMOST","2017","10",10.4,"",87.1,"",4.0,"",5.6,""
"252150270","BABIMOST","2017","11",5.0,"",90.6,"",3.7,"",6.7,""
"252150270","BABIMOST","2017","12",2.7,"",89.2,"",4.4,"",6.9,""
"252160230","WIELICHOWO","2017","01",-2.6,"",.0,"8",.0,"8",5.1,""
"252160230","WIELICHOWO","2017","02",.9,"",.0,"8",.0,"8",6.1,""
"252160230","WIELICHOWO","2017","03",6.5,"",.0,"8",.0,"8",4.5,""
"252160230","WIELICHOWO","2017","04",7.7,"",.0,"8",.0,"8",5.7,""
"252160230","WIELICHOWO","2017","05",14.1,"",.0,"8",.0,"8",3.8,""
"252160230","WIELICHOWO","2017","06",17.9,"",.0,"8",.0,"8",3.5,""
"252160230","WIELICHOWO","2017","07",18.8,"",.0,"8",.0,"8",4.3,""
"252160230","WIELICHOWO","2017","08",18.9,"",.0,"8",.0,"8",3.3,""
"252160230","WIELICHOWO","2017","09",12.9,"",.0,"8",.0,"8",4.9,""
"252160230","WIELICHOWO","2017","10",10.6,"",.0,"8",.0,"8",4.8,""
"252160230","WIELICHOWO","2017","11",5.2,"",.0,"8",.0,"8",6.3,""
"252160230","WIELICHOWO","2017","12",2.8,"",.0,"8",.0,"8",6.3,""
"252170210","KÓRNIK","2017","01",-2.2,"",86.1,"",.0,"8",5.2,""
"252170210","KÓRNIK","2017","02",.6,"",81.5,"",.0,"8",6.3,""
"252170210","KÓRNIK","2017","03",6.5,"",74.9,"",.0,"8",5.4,""
"252170210","KÓRNIK","2017","04",7.8,"",75.3,"",.0,"8",5.4,""
"252170210","KÓRNIK","2017","05",14.5,"",70.4,"",.0,"8",4.6,""
"252170210","KÓRNIK","2017","06",18.3,"",68.7,"",.0,"8",4.6,""
"252170210","KÓRNIK","2017","07",18.7,"",75.1,"",.0,"8",4.9,""
"252170210","KÓRNIK","2017","08",19.0,"",78.0,"",.0,"8",4.6,""
"252170210","KÓRNIK","2017","09",13.3,"",86.1,"",.0,"8",5.7,""
"252170210","KÓRNIK","2017","10",10.4,"",87.0,"",.0,"8",5.2,""
"252170210","KÓRNIK","2017","11",5.3,"",89.5,"",.0,"8",6.6,""
"252170210","KÓRNIK","2017","12",2.8,"",87.1,"",.0,"8",6.5,""
"252180080","KO£UDA WIELKA","2017","01",.0,"8",.0,"8",.0,"8",.0,"8"
"252180080","KO£UDA WIELKA","2017","02",.0,"8",.0,"8",.0,"8",.0,"8"
"252180080","KO£UDA WIELKA","2017","03",.0,"8",.0,"8",.0,"8",.0,"8"
"252180080","KO£UDA WIELKA","2017","04",.0,"8",.0,"8",.0,"8",.0,"8"
"252180080","KO£UDA WIELKA","2017","05",.0,"8",.0,"8",.0,"8",.0,"8"
"252180080","KO£UDA WIELKA","2017","06",.0,"8",.0,"8",.0,"8",.0,"8"
"252180080","KO£UDA WIELKA","2017","07",.0,"8",.0,"8",.0,"8",.0,"8"
"252180080","KO£UDA WIELKA","2017","08",.0,"8",.0,"8",.0,"8",.0,"8"
"252180080","KO£UDA WIELKA","2017","09",.0,"8",.0,"8",.0,"8",.0,"8"
"252180080","KO£UDA WIELKA","2017","10",.0,"8",.0,"8",.0,"8",.0,"8"
"252180080","KO£UDA WIELKA","2017","11",.0,"8",.0,"8",.0,"8",.0,"8"
"252180080","KO£UDA WIELKA","2017","12",.0,"8",.0,"8",.0,"8",.0,"8"
"252200120","LEGIONOWO","2017","01",-3.8,"",.0,"8",2.6,"",.0,"8"
"252200120","LEGIONOWO","2017","02",-1.2,"",.0,"8",3.0,"",.0,"8"
"252200120","LEGIONOWO","2017","03",5.8,"",.0,"8",2.7,"",.0,"8"
"252200120","LEGIONOWO","2017","04",7.5,"",.0,"8",3.1,"",.0,"8"
"252200120","LEGIONOWO","2017","05",14.4,"",.0,"8",2.3,"",.0,"8"
"252200120","LEGIONOWO","2017","06",18.5,"",.0,"8",2.9,"",.0,"8"
"252200120","LEGIONOWO","2017","07",18.8,"",.0,"8",2.2,"",.0,"8"
"252200120","LEGIONOWO","2017","08",19.4,"",.0,"8",2.2,"",.0,"8"
"252200120","LEGIONOWO","2017","09",13.6,"",.0,"8",2.6,"",.0,"8"
"252200120","LEGIONOWO","2017","10",9.6,"",.0,"8",3.3,"",.0,"8"
"252200120","LEGIONOWO","2017","11",4.7,"",.0,"8",2.6,"",.0,"8"
"252200120","LEGIONOWO","2017","12",2.3,"",.0,"8",3.2,"",.0,"8"
"252200150","WARSZAWA-BIELANY","2017","01",-3.3,"",85.8,"",2.6,"",7.2,""
"252200150","WARSZAWA-BIELANY","2017","02",-.5,"",83.1,"",3.3,"",7.0,""
"252200150","WARSZAWA-BIELANY","2017","03",6.6,"",78.3,"",2.8,"",6.8,""
"252200150","WARSZAWA-BIELANY","2017","04",8.0,"",73.1,"",3.2,"",5.7,""
"252200150","WARSZAWA-BIELANY","2017","05",14.7,"",66.6,"",2.4,"",4.1,""
"252200150","WARSZAWA-BIELANY","2017","06",18.9,"",64.3,"",2.8,"",4.3,""
"252200150","WARSZAWA-BIELANY","2017","07",19.2,"",71.7,"",2.2,"",4.6,""
"252200150","WARSZAWA-BIELANY","2017","08",19.7,"",73.4,"",2.3,"",3.7,""
"252200150","WARSZAWA-BIELANY","2017","09",13.9,"",87.0,"",2.7,"",5.5,""
"252200150","WARSZAWA-BIELANY","2017","10",10.1,"",86.1,"",3.2,"",5.6,""
"252200150","WARSZAWA-BIELANY","2017","11",5.2,"",85.7,"",2.7,"",6.7,""
"252200150","WARSZAWA-BIELANY","2017","12",2.6,"",85.2,"",3.2,"",6.5,""
"252200230","WARSZAWA-FILTRY","2017","01",-3.4,"",.0,"8",3.3,"",5.6,""
"252200230","WARSZAWA-FILTRY","2017","02",-.7,"",.0,"8",3.8,"",6.6,""
"252200230","WARSZAWA-FILTRY","2017","03",6.4,"",.0,"8",3.5,"",6.4,""
"252200230","WARSZAWA-FILTRY","2017","04",8.0,"",.0,"8",3.9,"",5.8,""
"252200230","WARSZAWA-FILTRY","2017","05",15.2,"",.0,"8",3.1,"",4.2,""
"252200230","WARSZAWA-FILTRY","2017","06",19.2,"",.0,"8",4.1,"",4.7,""
"252200230","WARSZAWA-FILTRY","2017","07",19.7,"",.0,"8",3.1,"",4.8,""
"252200230","WARSZAWA-FILTRY","2017","08",20.3,"",.0,"8",3.0,"",5.0,""
"252200230","WARSZAWA-FILTRY","2017","09",14.2,"",.0,"8",3.2,"",6.1,""
"252200230","WARSZAWA-FILTRY","2017","10",9.9,"",.0,"8",4.2,"",6.1,""
"252200230","WARSZAWA-FILTRY","2017","11",5.0,"",.0,"8",3.1,"",7.3,""
"252200230","WARSZAWA-FILTRY","2017","12",2.6,"",.0,"8",4.0,"",7.2,""
"252210050","PU£TUSK","2017","01",-4.2,"",88.1,"",2.5,"",7.0,""
"252210050","PU£TUSK","2017","02",-1.8,"",88.3,"",3.2,"",7.1,""
"252210050","PU£TUSK","2017","03",5.4,"",81.7,"",3.0,"",7.3,""
"252210050","PU£TUSK","2017","04",7.1,"",77.8,"",3.5,"",5.7,""
"252210050","PU£TUSK","2017","05",13.8,"",76.7,"",2.2,"",4.2,""
"252210050","PU£TUSK","2017","06",17.5,"",75.9,"",2.7,"",6.6,""
"252210050","PU£TUSK","2017","07",18.1,"",78.7,"",1.9,"",6.8,""
"252210050","PU£TUSK","2017","08",18.6,"",78.4,"",1.8,"",6.3,""
"252210050","PU£TUSK","2017","09",13.2,"",88.6,"",1.9,"",7.8,""
"252210050","PU£TUSK","2017","10",9.0,"",88.7,"",3.4,"",7.6,""
"252210050","PU£TUSK","2017","11",4.0,"",90.2,"",2.8,"",8.0,""
"252210050","PU£TUSK","2017","12",1.6,"",89.5,"",3.3,"",7.9,""
"252210170","WARSZAWA-OBSERWATORIUM II","2017","01",-3.8,"",.0,"8",.0,"8",.0,"8"
"252210170","WARSZAWA-OBSERWATORIUM II","2017","02",-1.1,"",.0,"8",.0,"8",.0,"8"
"252210170","WARSZAWA-OBSERWATORIUM II","2017","03",6.1,"",.0,"8",.0,"8",.0,"8"
"252210170","WARSZAWA-OBSERWATORIUM II","2017","04",7.7,"",.0,"8",.0,"8",.0,"8"
"252210170","WARSZAWA-OBSERWATORIUM II","2017","05",14.4,"",.0,"8",.0,"8",.0,"8"
"252210170","WARSZAWA-OBSERWATORIUM II","2017","06",18.3,"",.0,"8",.0,"8",.0,"8"
"252210170","WARSZAWA-OBSERWATORIUM II","2017","07",18.8,"",.0,"8",.0,"8",.0,"8"
"252210170","WARSZAWA-OBSERWATORIUM II","2017","08",19.3,"",.0,"8",.0,"8",.0,"8"
"252210170","WARSZAWA-OBSERWATORIUM II","2017","09",13.5,"",.0,"8",.0,"8",.0,"8"
"252210170","WARSZAWA-OBSERWATORIUM II","2017","11",4.7,"",.0,"8",.0,"8",.0,"8"
"252210170","WARSZAWA-OBSERWATORIUM II","2017","12",2.3,"",.0,"8",.0,"8",.0,"8"
"252220030","SZEPIETOWO","2017","01",-5.2,"",.0,"8",.0,"8",6.9,""
"252220030","SZEPIETOWO","2017","02",-2.5,"",.0,"8",.0,"8",7.2,""
"252220030","SZEPIETOWO","2017","03",4.8,"",.0,"8",.0,"8",6.5,""
"252220030","SZEPIETOWO","2017","04",6.3,"",.0,"8",.0,"8",5.6,""
"252220030","SZEPIETOWO","2017","05",13.0,"",.0,"8",.0,"8",4.4,""
"252220030","SZEPIETOWO","2017","06",16.7,"",.0,"8",.0,"8",5.0,""
"252220030","SZEPIETOWO","2017","07",17.5,"",.0,"8",.0,"8",5.4,""
"252220030","SZEPIETOWO","2017","08",18.3,"",.0,"8",.0,"8",4.6,""
"252220030","SZEPIETOWO","2017","09",12.8,"",.0,"8",.0,"8",6.2,""
"252220030","SZEPIETOWO","2017","10",8.0,"",.0,"8",.0,"8",6.7,""
"252220030","SZEPIETOWO","2017","11",3.4,"",.0,"8",.0,"8",7.4,""
"252220030","SZEPIETOWO","2017","12",1.3,"",.0,"8",.0,"8",7.1,""
"252230120","BIA£OWIE¯A","2017","01",-5.5,"",88.7,"",2.4,"",.0,"8"
"252230120","BIA£OWIE¯A","2017","02",-2.7,"",86.0,"",3.0,"",.0,"8"
"252230120","BIA£OWIE¯A","2017","03",4.5,"",80.3,"",2.5,"",.0,"8"
"252230120","BIA£OWIE¯A","2017","04",6.1,"",72.9,"",2.5,"",.0,"8"
"252230120","BIA£OWIE¯A","2017","05",13.0,"",65.1,"",2.3,"",.0,"8"
"252230120","BIA£OWIE¯A","2017","06",16.5,"",71.1,"",2.5,"",.0,"8"
"252230120","BIA£OWIE¯A","2017","07",17.5,"",73.8,"",2.1,"",.0,"8"
"252230120","BIA£OWIE¯A","2017","08",17.7,"",75.4,"",1.9,"",.0,"8"
"252230120","BIA£OWIE¯A","2017","09",12.7,"",83.3,"",2.4,"",.0,"8"
"252230120","BIA£OWIE¯A","2017","10",7.8,"",87.8,"",2.9,"",.0,"8"
"252230120","BIA£OWIE¯A","2017","11",3.3,"",88.3,"",2.5,"",.0,"8"
"252230120","BIA£OWIE¯A","2017","12",1.2,"",89.6,"",2.8,"",.0,"8"
"253140060","GOLENIÓW","2017","01",-1.5,"",.0,"8",3.6,"",6.2,""
"253140060","GOLENIÓW","2017","02",.9,"",.0,"8",3.8,"",6.0,""
"253140060","GOLENIÓW","2017","03",5.5,"",.0,"8",3.7,"",5.3,""
"253140060","GOLENIÓW","2017","04",7.0,"",.0,"8",4.2,"",5.6,""
"253140060","GOLENIÓW","2017","05",13.9,"",.0,"8",4.0,"",4.8,""
"253140060","GOLENIÓW","2017","06",17.3,"",.0,"8",4.2,"",5.2,""
"253140060","GOLENIÓW","2017","07",17.5,"",.0,"8",3.3,"",5.7,""
"253140060","GOLENIÓW","2017","08",18.1,"",.0,"8",3.6,"",4.8,""
"253140060","GOLENIÓW","2017","09",13.2,"",.0,"8",3.7,"",5.5,""
"253140060","GOLENIÓW","2017","10",10.7,"",.0,"8",4.4,"",6.0,""
"253140060","GOLENIÓW","2017","11",5.3,"",.0,"8",3.8,"",6.4,""
"253140060","GOLENIÓW","2017","12",2.9,"",.0,"8",4.6,"",7.1,""
"253170210","CHRZ¥STOWO","2017","01",-2.8,"",.0,"8",.0,"8",5.9,""
"253170210","CHRZ¥STOWO","2017","02",-.6,"",.0,"8",.0,"8",6.1,""
"253170210","CHRZ¥STOWO","2017","03",5.4,"",.0,"8",.0,"8",6.0,""
"253170210","CHRZ¥STOWO","2017","04",6.9,"",.0,"8",.0,"8",5.4,""
"253170210","CHRZ¥STOWO","2017","05",13.3,"",.0,"8",.0,"8",4.8,""
"253170210","CHRZ¥STOWO","2017","06",16.7,"",.0,"8",.0,"8",5.1,""
"253170210","CHRZ¥STOWO","2017","07",17.4,"",.0,"8",.0,"8",5.4,""
"253170210","CHRZ¥STOWO","2017","08",18.0,"",.0,"8",.0,"8",5.0,""
"253170210","CHRZ¥STOWO","2017","09",13.0,"",.0,"8",.0,"8",6.0,""
"253170210","CHRZ¥STOWO","2017","10",9.8,"",.0,"8",.0,"8",5.6,""
"253170210","CHRZ¥STOWO","2017","11",4.6,"",.0,"8",.0,"8",6.9,""
"253170210","CHRZ¥STOWO","2017","12",2.1,"",.0,"8",.0,"8",6.7,""
"253210130","SZCZYTNO","2017","01",-4.5,"",.0,"8",.0,"8",6.6,""
"253210130","SZCZYTNO","2017","02",-1.9,"",.0,"8",.0,"8",7.0,""
"253210130","SZCZYTNO","2017","03",4.2,"",.0,"8",.0,"8",6.7,""
"253210130","SZCZYTNO","2017","04",5.9,"",.0,"8",.0,"8",6.3,""
"253210130","SZCZYTNO","2017","05",12.9,"",.0,"8",.0,"8",4.9,""
"253210130","SZCZYTNO","2017","06",16.2,"",.0,"8",.0,"8",6.3,""
"253210130","SZCZYTNO","2017","07",17.2,"",.0,"8",.0,"8",6.2,""
"253210130","SZCZYTNO","2017","08",17.7,"",.0,"8",.0,"8",5.5,""
"253210130","SZCZYTNO","2017","09",12.6,"",.0,"8",.0,"8",7.0,""
"253210130","SZCZYTNO","2017","10",8.1,"",.0,"8",.0,"8",7.2,""
"253210130","SZCZYTNO","2017","11",3.2,"",.0,"8",.0,"8",7.6,""
"253210130","SZCZYTNO","2017","12",1.0,"",.0,"8",.0,"8",7.4,""
"253220070","BIEBRZA-PIEÑCZYKÓWEK","2017","01",-4.8,"",95.4,"",3.3,"",6.2,""
"253220070","BIEBRZA-PIEÑCZYKÓWEK","2017","02",-1.9,"",91.2,"",4.0,"",6.4,""
"253220070","BIEBRZA-PIEÑCZYKÓWEK","2017","03",4.2,"",86.8,"",3.4,"",5.9,""
"253220070","BIEBRZA-PIEÑCZYKÓWEK","2017","04",6.0,"",82.4,"",3.9,"",5.3,""
"253220070","BIEBRZA-PIEÑCZYKÓWEK","2017","05",12.4,"",73.4,"",3.3,"",4.0,""
"253220070","BIEBRZA-PIEÑCZYKÓWEK","2017","06",16.2,"",71.5,"",4.2,"",5.3,""
"253220070","BIEBRZA-PIEÑCZYKÓWEK","2017","07",16.9,"",78.7,"",3.1,"",5.0,""
"253220070","BIEBRZA-PIEÑCZYKÓWEK","2017","08",17.1,"",80.4,"",2.6,"",4.6,""
"253220070","BIEBRZA-PIEÑCZYKÓWEK","2017","09",12.5,"",91.8,"",3.1,"",5.6,""
"253220070","BIEBRZA-PIEÑCZYKÓWEK","2017","10",7.7,"",90.3,"",4.2,"",6.7,""
"253220070","BIEBRZA-PIEÑCZYKÓWEK","2017","11",3.8,"",92.2,"",3.3,"",7.1,""
"253220070","BIEBRZA-PIEÑCZYKÓWEK","2017","12",1.3,"",94.2,"",3.5,"",6.8,""
"253220330","MARIANOWO II","2017","01",-4.1,"",91.5,"",2.6,"",.0,"8"
"253220330","MARIANOWO II","2017","02",-1.9,"",89.2,"",3.3,"",.0,"8"
"253220330","MARIANOWO II","2017","03",4.9,"",82.8,"",2.7,"",.0,"8"
"253220330","MARIANOWO II","2017","04",6.6,"",75.0,"",3.2,"",.0,"8"
"253220330","MARIANOWO II","2017","05",13.3,"",66.0,"",2.5,"",.0,"8"
"253220330","MARIANOWO II","2017","06",16.9,"",69.2,"",2.7,"",.0,"8"
"253220330","MARIANOWO II","2017","07",17.7,"",74.0,"",1.9,"",.0,"8"
"253220330","MARIANOWO II","2017","08",18.3,"",74.4,"",1.8,"",.0,"8"
"253220330","MARIANOWO II","2017","09",13.4,"",85.8,"",2.6,"",.0,"8"
"253220330","MARIANOWO II","2017","10",8.5,"",89.7,"",2.8,"",.0,"8"
"253220330","MARIANOWO II","2017","11",4.1,"",90.8,"",2.7,"",.0,"8"
"253220330","MARIANOWO II","2017","12",1.8,"",91.1,"",3.1,"",.0,"8"
"253230020","RÓ¯ANYSTOK","2017","01",-4.6,"",.0,"8",.0,"8",6.6,""
"253230020","RÓ¯ANYSTOK","2017","02",-2.3,"",.0,"8",.0,"8",6.7,""
"253230020","RÓ¯ANYSTOK","2017","03",4.4,"",.0,"8",.0,"8",5.9,""
"253230020","RÓ¯ANYSTOK","2017","04",6.0,"",.0,"8",.0,"8",4.8,""
"253230020","RÓ¯ANYSTOK","2017","05",12.6,"",.0,"8",.0,"8",4.0,""
"253230020","RÓ¯ANYSTOK","2017","06",16.1,"",.0,"8",.0,"8",4.6,""
"253230020","RÓ¯ANYSTOK","2017","07",17.2,"",.0,"8",.0,"8",4.7,""
"253230020","RÓ¯ANYSTOK","2017","08",17.9,"",.0,"8",.0,"8",4.0,""
"253230020","RÓ¯ANYSTOK","2017","09",12.8,"",.0,"8",.0,"8",5.2,""
"253230020","RÓ¯ANYSTOK","2017","10",7.7,"",.0,"8",.0,"8",6.3,""
"253230020","RÓ¯ANYSTOK","2017","11",3.5,"",.0,"8",.0,"8",6.8,""
"253230020","RÓ¯ANYSTOK","2017","12",.9,"",.0,"8",.0,"8",6.7,""
"254170210","BORUCINO","2017","01",-2.4,"",87.1,"",2.6,"",6.1,""
"254170210","BORUCINO","2017","02",-1.2,"",84.4,"",3.2,"",6.0,""
"254170210","BORUCINO","2017","03",3.9,"",82.8,"",2.6,"",5.7,""
"254170210","BORUCINO","2017","04",5.6,"",78.1,"",3.4,"",5.7,""
"254170210","BORUCINO","2017","05",12.3,"",67.8,"",2.9,"",4.3,""
"254170210","BORUCINO","2017","06",15.7,"",73.8,"",3.6,"",4.9,""
"254170210","BORUCINO","2017","07",16.4,"",78.4,"",2.8,"",5.4,""
"254170210","BORUCINO","2017","08",17.1,"",77.4,"",2.9,"",4.5,""
"254170210","BORUCINO","2017","09",13.0,"",84.9,"",3.9,"",5.8,""
"254170210","BORUCINO","2017","10",9.6,"",87.3,"",5.5,"",6.5,""
"254170210","BORUCINO","2017","11",4.4,"",90.3,"",5.7,"",6.6,""
"254170210","BORUCINO","2017","12",1.8,"",89.7,"",6.3,"",7.1,""
"254180090","GDAÑSK-RÊBIECHOWO","2017","01",-2.2,"",.0,"8",4.0,"",6.0,""
"254180090","GDAÑSK-RÊBIECHOWO","2017","02",-.9,"",.0,"8",4.7,"",6.2,""
"254180090","GDAÑSK-RÊBIECHOWO","2017","03",4.0,"",.0,"8",3.8,"",6.2,""
"254180090","GDAÑSK-RÊBIECHOWO","2017","04",5.7,"",.0,"8",4.4,"",6.1,""
"254180090","GDAÑSK-RÊBIECHOWO","2017","05",12.0,"",.0,"8",4.4,"",5.0,""
"254180090","GDAÑSK-RÊBIECHOWO","2017","06",15.5,"",.0,"8",5.0,"",5.5,""
"254180090","GDAÑSK-RÊBIECHOWO","2017","07",16.3,"",.0,"8",4.2,"",6.0,""
"254180090","GDAÑSK-RÊBIECHOWO","2017","08",16.9,"",.0,"8",3.4,"",5.2,""
"254180090","GDAÑSK-RÊBIECHOWO","2017","09",12.8,"",.0,"8",3.7,"",5.9,""
"254180090","GDAÑSK-RÊBIECHOWO","2017","10",9.5,"",.0,"8",5.2,"",6.2,""
"254180090","GDAÑSK-RÊBIECHOWO","2017","11",4.1,"",.0,"8",3.8,"",6.7,""
"254180090","GDAÑSK-RÊBIECHOWO","2017","12",1.6,"",.0,"8",4.8,"",6.3,""
"254200080","LIDZBARK WARMIÑSKI","2017","01",-2.9,"",87.2,"",2.8,"",6.2,""
"254200080","LIDZBARK WARMIÑSKI","2017","02",-1.0,"",85.6,"",.0,"8",6.5,""
"254200080","LIDZBARK WARMIÑSKI","2017","03",4.3,"",83.3,"",2.6,"",6.1,""
"254200080","LIDZBARK WARMIÑSKI","2017","04",6.2,"",78.3,"",3.1,"",5.9,""
"254200080","LIDZBARK WARMIÑSKI","2017","05",12.5,"",69.3,"",2.6,"",3.9,""
"254200080","LIDZBARK WARMIÑSKI","2017","06",16.0,"",73.8,"",3.1,"",4.9,""
"254200080","LIDZBARK WARMIÑSKI","2017","07",16.8,"",80.1,"",2.6,"",5.2,""
"254200080","LIDZBARK WARMIÑSKI","2017","08",17.6,"",77.3,"",2.1,"",4.5,""
"254200080","LIDZBARK WARMIÑSKI","2017","09",13.1,"",87.2,"",2.1,"",5.8,""
"254200080","LIDZBARK WARMIÑSKI","2017","10",9.1,"",89.7,"",3.4,"",6.4,""
"254200080","LIDZBARK WARMIÑSKI","2017","11",4.5,"",90.2,"",3.0,"",6.8,""
"254200080","LIDZBARK WARMIÑSKI","2017","12",2.1,"",89.0,"",2.5,"",6.7,""
"254220090","OLECKO","2017","01",-4.4,"",.0,"8",.0,"8",6.9,""
"254220090","OLECKO","2017","02",-2.0,"",.0,"8",.0,"8",7.1,""
"254220090","OLECKO","2017","03",3.9,"",.0,"8",.0,"8",6.5,""
"254220090","OLECKO","2017","04",5.7,"",.0,"8",.0,"8",6.0,""
"254220090","OLECKO","2017","05",12.9,"",.0,"8",.0,"8",4.5,""
"254220090","OLECKO","2017","06",16.0,"",.0,"8",.0,"8",5.2,""
"254220090","OLECKO","2017","07",17.0,"",.0,"8",.0,"8",5.3,""
"254220090","OLECKO","2017","08",17.7,"",.0,"8",.0,"8",4.9,""
"254220090","OLECKO","2017","09",12.9,"",.0,"8",.0,"8",6.0,""
"254220090","OLECKO","2017","10",7.6,"",.0,"8",.0,"8",7.2,""
"254220090","OLECKO","2017","11",3.4,"",.0,"8",.0,"8",7.6,""
"254220090","OLECKO","2017","12",.9,"",.0,"8",.0,"8",7.3,""
